"film_id","film_title","film_category","total_revenue","total_rent","avg_revenue_per_rental","last_rental_date"
879,"Telegraph Voyage","Music","215.75","25","8.6300000000000000","2005-08-23 08:27:57"
1000,"Zorro Ark","Comedy","199.72","28","7.1328571428571429","2005-08-23 17:56:01"
973,"Wife Turn","Documentary","198.73","27","7.3603703703703704","2005-08-23 14:47:26"
460,"Innocent Usual","Foreign","191.74","26","7.3746153846153846","2005-08-22 15:22:15"
444,"Hustler Party","Comedy","190.78","22","8.6718181818181818","2005-08-23 09:42:21"
764,"Saturday Lambs","Sports","190.74","26","7.3361538461538462","2005-08-23 19:42:04"
893,"Titans Jerk","Sci-Fi","186.73","27","6.9159259259259259","2006-02-14 15:16:03"
403,"Harry Idaho","Drama","177.73","27","6.5825925925925926","2006-02-14 15:16:03"
897,"Torque Bound","Drama","169.76","23","7.3808695652173913","2006-02-14 15:16:03"
239,"Dogma Family","Animation","168.72","28","6.0257142857142857","2005-08-23 05:24:29"
670,"Pelican Comforts","Documentary","165.77","23","7.2073913043478261","2005-08-23 21:07:59"
369,"Goodfellas Salute","Sci-Fi","164.75","25","6.5900000000000000","2005-08-23 18:08:19"
327,"Fool Mockingbird","Action","162.79","21","7.7519047619047619","2005-08-22 07:37:24"
31,"Apache Divine","Family","160.72","28","5.7400000000000000","2005-08-23 15:10:42"
284,"Enemy Odds","Music","159.75","25","6.3900000000000000","2005-08-21 10:10:01"
127,"Cat Coneheads","Comedy","159.73","27","5.9159259259259259","2006-02-14 15:16:03"
771,"Scorpion Apollo","Drama","158.79","21","7.5614285714285714","2005-08-23 22:19:33"
715,"Range Moonwalker","Family","158.77","23","6.9030434782608696","2005-08-23 11:35:12"
767,"Scalawag Duck","Music","157.71","29","5.4382758620689655","2005-08-23 17:13:01"
865,"Sunrise League","Animation","155.78","22","7.0809090909090909","2005-08-22 11:01:15"
527,"Lola Agent","Horror","154.77","23","6.7291304347826087","2005-08-22 11:36:16"
551,"Maiden Home","New","152.78","22","6.9445454545454545","2005-08-23 06:00:28"
938,"Velvet Terminator","Comedy","152.77","23","6.6421739130434783","2005-08-23 18:46:44"
159,"Closer Bang","Comedy","152.76","24","6.3650000000000000","2005-08-22 21:28:59"
103,"Bucket Brotherhood","Travel","150.72","28","5.3828571428571429","2005-08-23 21:49:22"
846,"Sting Personal","New","149.80","20","7.4900000000000000","2005-08-23 22:21:03"
892,"Titanic Boondock","Animation","149.78","22","6.8081818181818182","2006-02-14 15:16:03"
563,"Massacre Usual","Games","149.75","25","5.9900000000000000","2005-08-23 17:02:00"
624,"Nightmare Chill","Games","148.79","21","7.0852380952380952","2005-08-23 20:40:31"
941,"Videotape Arsenic","Games","148.76","24","6.1983333333333333","2005-08-22 15:29:15"
21,"American Circus","Action","146.81","19","7.7268421052631579","2006-02-14 15:16:03"
979,"Witches Panic","Drama","146.75","25","5.8700000000000000","2005-08-23 09:16:39"
791,"Show Lord","Documentary","145.78","22","6.6263636363636364","2005-08-23 16:58:12"
579,"Minds Truman","Action","144.81","19","7.6215789473684211","2005-08-22 14:27:46"
989,"Working Microcosmos","Travel","144.78","22","6.5809090909090909","2005-08-23 02:06:01"
985,"Wonderland Christmas","Sci-Fi","142.79","21","6.7995238095238095","2005-08-23 19:54:24"
408,"Head Stranger","Games","142.79","21","6.7995238095238095","2005-08-23 04:51:52"
972,"Whisperer Giant","Sci-Fi","141.80","20","7.0900000000000000","2005-08-23 13:41:05"
330,"Forrester Comancheros","Animation","141.74","26","5.4515384615384615","2006-02-14 15:16:03"
48,"Backlash Undefeated","Children","140.84","16","8.8025000000000000","2005-08-23 15:15:02"
244,"Dorado Notting","Music","140.78","22","6.3990909090909091","2005-08-23 18:48:40"
86,"Boogie Amelie","Music","140.74","25","5.6296000000000000","2006-02-14 15:16:03"
778,"Secrets Paradise","Family","139.82","18","7.7677777777777778","2005-08-22 21:01:48"
580,"Mine Titans","New","138.83","17","8.1664705882352941","2005-08-23 20:20:23"
838,"Stagecoach Armageddon","Action","138.77","23","6.0334782608695652","2005-08-23 16:19:02"
683,"Pity Bound","Drama","138.77","23","6.0334782608695652","2005-08-23 21:25:03"
745,"Roses Treasure","Sports","137.77","23","5.9900000000000000","2005-08-23 18:15:06"
856,"Streetcar Intentions","Horror","137.77","23","5.9900000000000000","2005-08-23 02:08:18"
307,"Fellowship Autumn","Travel","137.76","24","5.7400000000000000","2005-08-22 13:39:20"
843,"Steel Santa","Classics","136.78","22","6.2172727272727273","2005-08-23 17:16:28"
174,"Confidential Interview","Music","136.76","24","5.6983333333333333","2005-08-23 15:22:15"
911,"Trip Newton","Action","135.74","26","5.2207692307692308","2005-08-23 11:37:32"
324,"Flintstones Happiness","Comedy","134.83","17","7.9311764705882353","2005-08-22 23:08:46"
350,"Garden Island","Sci-Fi","134.82","18","7.4900000000000000","2005-08-23 10:23:28"
267,"Eagles Panky","New","134.81","19","7.0952631578947368","2006-02-14 15:16:03"
861,"Suit Walls","Games","134.81","19","7.0952631578947368","2006-02-14 15:16:03"
320,"Flamingos Connecticut","New","134.78","22","6.1263636363636364","2005-08-22 19:28:04"
45,"Attraction Newton","New","133.78","22","6.0809090909090909","2005-08-21 23:00:02"
902,"Trading Pinocchio","Sports","133.77","23","5.8160869565217391","2006-02-14 15:16:03"
409,"Heartbreakers Bright","Children","132.80","20","6.6400000000000000","2005-08-23 18:54:32"
271,"Easy Gladiator","Action","132.80","20","6.6400000000000000","2005-08-21 09:06:29"
263,"Durham Panky","Sports","132.76","24","5.5316666666666667","2005-08-22 01:12:44"
596,"Moonshine Cabin","Games","131.80","20","6.5900000000000000","2005-08-22 19:37:20"
253,"Drifter Commandments","Action","131.78","22","5.9900000000000000","2006-02-14 15:16:03"
614,"Name Detective","Games","131.78","22","5.9900000000000000","2006-02-14 15:16:03"
10,"Aladdin Calendar","Sports","131.77","23","5.7291304347826087","2005-08-21 20:49:21"
172,"Coneheads Smoochy","Drama","131.76","24","5.4900000000000000","2005-08-23 16:57:43"
521,"Lies Treatment","Drama","131.76","24","5.4900000000000000","2005-08-20 23:07:10"
575,"Midsummer Groundhog","Documentary","129.82","18","7.2122222222222222","2005-08-21 19:59:30"
227,"Details Packer","Games","128.82","18","7.1566666666666667","2006-02-14 15:16:03"
706,"Queen Luke","Drama","128.79","21","6.1328571428571429","2006-02-14 15:16:03"
898,"Tourist Pelican","Sports","126.81","19","6.6742105263157895","2005-08-21 12:48:48"
755,"Sabrina Midnight","Children","126.79","21","6.0376190476190476","2005-08-21 20:53:40"
518,"Liaisons Sweet","Travel","126.79","21","6.0376190476190476","2005-08-22 13:04:32"
500,"Kiss Glory","Foreign","126.79","21","6.0376190476190476","2005-08-22 06:39:24"
775,"Seattle Expecations","Drama","125.80","19","6.6210526315789474","2006-02-14 15:16:03"
61,"Beauty Grease","Drama","125.79","21","5.9900000000000000","2005-08-23 21:34:33"
603,"Movie Shakespeare","Family","125.78","23","5.4686956521739130","2006-02-14 15:16:03"
361,"Gleaming Jawbreaker","Sports","125.72","27","4.6562962962962963","2006-02-14 15:16:03"
135,"Chance Resurrection","Sports","124.76","24","5.1983333333333333","2005-08-23 16:30:55"
112,"Calendar Gunfight","Foreign","123.82","18","6.8788888888888889","2005-08-23 00:49:24"
412,"Heavyweights Beast","Documentary","123.78","22","5.6263636363636364","2005-08-23 03:54:39"
763,"Satisfaction Confidential","Sports","122.84","16","7.6775000000000000","2005-08-22 21:05:50"
995,"Yentl Idaho","Horror","122.79","21","5.8471428571428571","2005-08-23 18:50:54"
167,"Coma Head","Travel","122.77","23","5.3378260869565217","2005-08-23 02:06:41"
131,"Center Dinosaur","Classics","121.79","21","5.7995238095238095","2006-02-14 15:16:03"
804,"Sleeping Suspects","Horror","121.78","22","5.5354545454545455","2006-02-14 15:16:03"
698,"Princess Giant","Documentary","121.77","24","5.0737500000000000","2006-02-14 15:16:03"
702,"Pulp Beverly","Horror","121.74","26","4.6823076923076923","2006-02-14 15:16:03"
215,"Dawn Pond","Games","120.83","17","7.1076470588235294","2005-08-23 14:23:44"
501,"Kissing Dolls","Action","120.83","17","7.1076470588235294","2005-08-23 16:33:33"
818,"Something Duck","Drama","120.82","18","6.7122222222222222","2005-08-20 17:24:45"
908,"Trap Guys","Foreign","119.85","15","7.9900000000000000","2005-08-22 23:48:56"
680,"Pinocchio Simon","Comedy","119.82","18","6.6566666666666667","2005-08-23 21:30:45"
710,"Rage Games","Family","119.81","19","6.3057894736842105","2005-08-23 21:02:43"
73,"Bingo Talented","Sci-Fi","119.75","25","4.7900000000000000","2005-08-22 22:30:50"
243,"Doors President","Animation","118.82","18","6.6011111111111111","2006-02-14 15:16:03"
222,"Desert Poseidon","Horror","118.81","19","6.2531578947368421","2005-08-23 18:40:41"
556,"Maltese Hope","Games","118.79","21","5.6566666666666667","2005-08-23 16:43:54"
869,"Suspects Quills","Action","118.73","27","4.3974074074074074","2006-02-14 15:16:03"
313,"Fidelity Devil","Horror","117.82","18","6.5455555555555556","2005-08-23 06:41:07"
814,"Snatch Slipper","Comedy","117.80","20","5.8900000000000000","2005-08-23 15:34:46"
415,"High Encino","Horror","117.79","21","5.6090476190476190","2005-08-22 16:55:26"
964,"Waterfront Deliverance","Action","116.84","16","7.3025000000000000","2005-08-21 20:12:30"
572,"Metropolis Coma","Sci-Fi","116.76","24","4.8650000000000000","2005-08-22 13:19:25"
621,"Network Peak","Family","116.73","27","4.3233333333333333","2005-08-23 09:07:11"
734,"Road Roxanne","Documentary","115.83","17","6.8135294117647059","2005-08-23 14:29:16"
439,"Hunchback Impossible","Drama","115.83","17","6.8135294117647059","2006-02-14 15:16:03"
69,"Beverly Outlaw","Sci-Fi","115.79","21","5.5138095238095238","2005-08-23 15:19:15"
334,"Freddy Storm","Horror","115.79","21","5.5138095238095238","2005-08-23 00:30:26"
183,"Conversation Downhill","Family","114.83","17","6.7547058823529412","2006-02-14 15:16:03"
129,"Cause Date","Documentary","114.81","19","6.0426315789473684","2005-08-23 16:23:08"
971,"Whale Bikini","Foreign","113.85","15","7.5900000000000000","2005-08-23 20:08:18"
506,"Lady Stage","Horror","113.84","16","7.1150000000000000","2006-02-14 15:16:03"
720,"Redemption Comforts","New","113.80","20","5.6900000000000000","2005-08-23 01:14:01"
857,"Strictly Scarface","Comedy","113.77","23","4.9465217391304348","2005-08-23 20:23:08"
777,"Secretary Rouge","Sports","112.82","18","6.2677777777777778","2005-08-22 23:19:44"
6,"Agent Truman","Foreign","111.81","19","5.8847368421052632","2005-08-21 16:03:01"
590,"Money Harold","New","111.80","20","5.5900000000000000","2005-08-22 10:55:45"
117,"Candles Grapes","Games","111.80","20","5.5900000000000000","2005-08-22 06:49:29"
583,"Mission Zoolander","Animation","110.84","16","6.9275000000000000","2005-08-22 04:51:42"
465,"Interview Liaisons","New","110.82","18","6.1566666666666667","2005-08-22 03:42:12"
694,"Prejudice Oleander","Classics","110.81","19","5.8321052631578947","2005-08-21 15:59:40"
730,"Ridgemont Submarine","New","110.72","28","3.9542857142857143","2006-02-14 15:16:03"
878,"Teen Apollo","Travel","109.86","14","7.8471428571428571","2005-08-21 03:32:03"
785,"Shawshank Bubble","Travel","109.81","19","5.7794736842105263","2006-02-14 15:16:03"
35,"Arachnophobia Rollercoaster","Horror","109.77","23","4.7726086956521739","2005-08-22 23:26:32"
433,"Horn Working","Animation","109.77","23","4.7726086956521739","2005-08-23 10:04:36"
109,"Butterfly Chocolat","New","108.74","26","4.1823076923076923","2005-08-22 20:47:48"
170,"Command Darling","Foreign","107.84","16","6.7400000000000000","2005-08-22 02:57:04"
354,"Ghost Groundhog","Children","107.81","19","5.6742105263157895","2006-02-14 15:16:03"
676,"Philadelphia Wife","Sports","107.80","21","5.1333333333333333","2006-02-14 15:16:03"
768,"Scarface Bang","Children","106.84","16","6.6775000000000000","2006-02-14 15:16:03"
100,"Brooklyn Desert","Foreign","106.81","19","5.6215789473684211","2005-08-22 03:20:26"
300,"Falcon Volume","Animation","106.81","18","5.9338888888888889","2006-02-14 15:16:03"
827,"Spice Sorority","Drama","106.81","19","5.6215789473684211","2005-08-23 03:01:56"
946,"Virtual Spoilers","Family","105.87","13","8.1438461538461538","2005-08-23 13:22:56"
346,"Galaxy Sweethearts","Classics","105.84","16","6.6150000000000000","2005-08-22 23:17:41"
512,"League Hellfighters","Classics","105.83","17","6.2252941176470588","2005-08-21 23:17:26"
725,"Requiem Tycoon","Classics","105.82","18","5.8788888888888889","2005-08-23 09:37:34"
139,"Chasing Fight","Family","105.82","19","5.5694736842105263","2006-02-14 15:16:03"
255,"Driving Polish","Music","105.81","19","5.5689473684210526","2005-08-22 20:22:40"
776,"Secret Groundhog","Documentary","105.81","19","5.5689473684210526","2005-08-22 20:27:38"
723,"Reign Gentlemen","Sci-Fi","105.81","19","5.5689473684210526","2005-08-23 13:43:26"
162,"Clueless Bucket","Action","105.77","23","4.5986956521739130","2005-08-23 10:25:45"
854,"Strangers Graffiti","Horror","104.86","14","7.4900000000000000","2005-08-23 11:17:26"
95,"Breakfast Goldfinger","New","104.84","16","6.5525000000000000","2005-08-23 18:59:33"
484,"Jerk Paycheck","Classics","104.81","19","5.5163157894736842","2005-08-23 12:26:19"
915,"Truman Crazy","Action","104.80","20","5.2400000000000000","2005-08-22 21:18:59"
961,"Wash Heavenly","Foreign","104.80","20","5.2400000000000000","2005-08-21 22:53:01"
37,"Arizona Bang","Classics","104.79","21","4.9900000000000000","2005-08-23 05:08:58"
397,"Hanky October","Sci-Fi","104.77","23","4.5552173913043478","2005-08-23 18:23:30"
919,"Tycoon Gathering","Games","103.88","12","8.6566666666666667","2005-08-23 06:18:43"
805,"Sleepless Monsoon","Animation","103.83","17","6.1076470588235294","2006-02-14 15:16:03"
578,"Million Ace","Classics","103.83","17","6.1076470588235294","2005-08-23 02:05:51"
637,"Open African","Sci-Fi","103.81","19","5.4636842105263158","2005-08-23 17:39:35"
25,"Angels Life","New","103.80","20","5.1900000000000000","2005-08-23 13:46:00"
199,"Cupboard Sinners","Documentary","103.78","22","4.7172727272727273","2005-08-22 09:37:54"
378,"Greatest North","Music","103.73","27","3.8418518518518519","2005-08-23 16:32:10"
77,"Birds Perdition","New","102.83","17","6.0488235294117647","2005-08-23 10:36:00"
922,"Undefeated Dalmations","Horror","102.81","19","5.4110526315789474","2005-08-23 13:29:08"
823,"South Wait","Action","102.79","21","4.8947619047619048","2006-02-14 15:16:03"
891,"Timberland Sky","Classics","102.74","26","3.9515384615384615","2005-08-23 00:53:57"
331,"Forward Temple","Games","102.74","26","3.9515384615384615","2005-08-23 12:29:24"
666,"Paycheck Wait","Drama","101.84","16","6.3650000000000000","2005-08-23 16:50:53"
44,"Attacks Hate","Sci-Fi","101.84","16","6.3650000000000000","2005-08-23 04:48:12"
871,"Sweden Shining","Comedy","101.83","16","6.3643750000000000","2006-02-14 15:16:03"
294,"Expecations Natural","Travel","101.83","17","5.9900000000000000","2005-08-22 09:33:08"
760,"Samurai Lion","New","101.76","24","4.2400000000000000","2005-08-23 08:59:12"
895,"Tomorrow Hustler","Classics","101.76","24","4.2400000000000000","2005-08-23 22:20:26"
691,"Poseidon Forever","Sports","100.83","17","5.9311764705882353","2005-08-23 20:22:17"
356,"Giant Troopers","Children","100.74","26","3.8746153846153846","2005-08-22 16:57:02"
468,"Invasion Cyclone","Children","100.74","26","3.8746153846153846","2005-08-23 17:00:12"
175,"Confused Candles","Family","99.84","16","6.2400000000000000","2005-08-20 16:17:27"
845,"Stepmom Dream","Foreign","99.81","19","5.2531578947368421","2005-08-22 22:12:02"
502,"Knock Warlock","Comedy","99.79","21","4.7519047619047619","2005-08-22 10:14:33"
285,"English Bulworth","Sci-Fi","99.74","26","3.8361538461538462","2005-08-23 18:43:11"
392,"Hall Cassidy","Children","98.84","16","6.1775000000000000","2005-08-23 19:51:30"
274,"Egg Igby","Documentary","98.81","19","5.2005263157894737","2005-08-22 07:19:05"
101,"Brotherhood Blanket","Documentary","98.77","23","4.2943478260869565","2005-08-22 22:57:25"
887,"Thief Pelican","Animation","97.84","16","6.1150000000000000","2005-08-22 14:23:11"
476,"Jason Trap","Family","97.77","23","4.2508695652173913","2006-02-14 15:16:03"
382,"Grit Clockwork","Games","97.72","28","3.4900000000000000","2005-08-23 13:46:27"
738,"Rocketeer Mother","Foreign","97.72","28","3.4900000000000000","2005-08-23 20:10:13"
789,"Shock Cabin","Foreign","96.71","29","3.3348275862068966","2006-02-14 15:16:03"
483,"Jericho Mulan","Games","95.84","16","5.9900000000000000","2005-08-23 18:20:56"
456,"Inch Jet","Animation","95.82","18","5.3233333333333333","2005-08-23 09:53:30"
759,"Salute Apollo","New","95.80","20","4.7900000000000000","2005-08-22 19:09:52"
349,"Gangs Pride","Animation","95.78","22","4.3536363636363636","2005-08-23 16:34:31"
445,"Hyde Doctor","Classics","95.76","23","4.1634782608695652","2006-02-14 15:16:03"
71,"Bilko Anonymous","Family","94.88","12","7.9066666666666667","2005-08-23 14:55:47"
365,"Gold River","Comedy","94.86","14","6.7757142857142857","2005-08-22 19:44:59"
570,"Mermaid Insects","Sports","94.85","15","6.3233333333333333","2005-08-22 07:04:25"
336,"French Holiday","Documentary","94.84","16","5.9275000000000000","2005-08-22 09:54:54"
370,"Gorgeous Bingo","Children","94.83","17","5.5782352941176471","2006-02-14 15:16:03"
668,"Peak Forever","Sports","94.82","18","5.2677777777777778","2005-08-23 15:08:00"
304,"Fargo Gandhi","Children","94.79","21","4.5138095238095238","2005-08-22 06:29:34"
665,"Patton Interview","Horror","94.79","21","4.5138095238095238","2005-08-23 08:52:50"
319,"Fish Opus","Sci-Fi","94.78","22","4.3081818181818182","2005-08-23 17:57:35"
295,"Expendable Stallion","Documentary","94.74","26","3.6438461538461538","2005-08-23 12:47:37"
835,"Spy Mile","Games","94.73","27","3.5085185185185185","2005-08-22 16:37:36"
216,"Day Unfaithful","New","93.88","12","7.8233333333333333","2006-02-14 15:16:03"
859,"Sugar Wonka","Animation","93.85","15","6.2566666666666667","2005-08-23 03:03:53"
678,"Pickup Driving","Sports","93.85","15","6.2566666666666667","2005-08-20 12:11:28"
59,"Bear Graceland","Children","93.81","19","4.9373684210526316","2005-08-23 11:56:22"
114,"Camelot Vacation","Sci-Fi","93.76","24","3.9066666666666667","2006-02-14 15:16:03"
873,"Sweethearts Suspects","Children","93.73","27","3.4714814814814815","2006-02-14 15:16:03"
969,"West Lion","Drama","92.86","14","6.6328571428571429","2005-08-22 07:51:47"
396,"Hanging Deep","Drama","92.85","15","6.1900000000000000","2005-08-20 23:42:31"
184,"Core Suit","Classics","92.84","16","5.8025000000000000","2005-08-23 04:20:16"
486,"Jet Neighbors","Foreign","92.83","17","5.4605882352941176","2005-08-23 19:19:06"
414,"Hellfighters Sierra","Foreign","92.81","19","4.8847368421052632","2005-08-23 15:34:49"
305,"Fatal Haunted","New","92.77","23","4.0334782608695652","2005-08-22 23:55:51"
798,"Silverado Goldfinger","Sci-Fi","91.88","12","7.6566666666666667","2006-02-14 15:16:03"
226,"Destiny Saturday","New","91.85","15","6.1233333333333333","2005-08-21 02:56:52"
51,"Balloon Homeward","Music","91.78","22","4.1718181818181818","2005-08-23 00:56:27"
260,"Dude Blindness","Sports","90.87","13","6.9900000000000000","2005-08-23 07:10:22"
980,"Wizard Coldblooded","Music","90.85","15","6.0566666666666667","2005-08-23 10:32:52"
447,"Ice Crossing","Games","90.78","22","4.1263636363636364","2005-08-23 02:08:40"
704,"Pure Runner","Comedy","89.85","15","5.9900000000000000","2006-02-14 15:16:03"
165,"Coldblooded Darling","Sci-Fi","89.84","16","5.6150000000000000","2005-08-23 05:39:06"
451,"Igby Maker","Travel","89.83","17","5.2841176470588235","2006-02-14 15:16:03"
930,"Vacation Boondock","Sci-Fi","89.81","19","4.7268421052631579","2005-08-23 11:40:30"
739,"Rocky War","Drama","88.87","13","6.8361538461538462","2005-08-22 20:41:53"
568,"Memento Zoolander","Comedy","88.87","13","6.8361538461538462","2005-08-22 21:01:25"
116,"Candidate Perdition","Classics","88.82","17","5.2247058823529412","2006-02-14 15:16:03"
571,"Metal Armageddon","Documentary","88.79","21","4.2280952380952381","2005-08-22 23:58:09"
450,"Idols Snatchers","Children","88.76","24","3.6983333333333333","2005-08-23 20:27:34"
880,"Telemark Heartbreakers","Animation","88.76","24","3.6983333333333333","2005-08-23 06:19:12"
65,"Behavior Runaway","Horror","87.89","11","7.9900000000000000","2005-08-22 06:46:03"
321,"Flash Wars","New","87.88","12","7.3233333333333333","2005-08-23 15:21:35"
98,"Bright Encounters","Drama","87.88","12","7.3233333333333333","2005-08-22 05:16:16"
446,"Hysterical Grail","Sports","87.85","15","5.8566666666666667","2005-08-21 07:29:05"
212,"Darn Forrester","Action","87.83","17","5.1664705882352941","2005-08-23 21:54:02"
57,"Basic Easy","Travel","87.80","20","4.3900000000000000","2006-02-14 15:16:03"
166,"Color Philadelphia","Classics","87.78","22","3.9900000000000000","2005-08-23 22:06:15"
649,"Oz Liaisons","Animation","87.78","22","3.9900000000000000","2005-08-23 04:00:30"
654,"Panky Submarine","Games","86.88","12","7.2400000000000000","2005-08-19 09:34:02"
8,"Airport Pollock","Horror","86.85","15","5.7900000000000000","2005-08-23 20:24:36"
944,"Virgin Daisy","Drama","86.84","16","5.4275000000000000","2005-08-22 19:45:57"
803,"Slacker Liaisons","Drama","86.84","16","5.4275000000000000","2005-08-23 13:18:46"
773,"Seabiscuit Punk","Sports","86.76","24","3.6150000000000000","2006-02-14 15:16:03"
609,"Muscle Bright","Travel","86.73","27","3.2122222222222222","2005-08-23 00:07:53"
489,"Juggler Hardly","Animation","86.71","29","2.9900000000000000","2006-02-14 15:16:03"
203,"Daisy Menagerie","Sci-Fi","85.86","14","6.1328571428571429","2005-08-22 18:21:04"
844,"Steers Armageddon","Sports","85.85","15","5.7233333333333333","2005-08-22 23:11:59"
735,"Robbers Joon","Children","85.74","26","3.2976923076923077","2005-08-22 04:09:18"
179,"Conquerer Nuts","Drama","84.87","13","6.5284615384615385","2005-08-22 21:29:14"
141,"Chicago North","Games","84.85","15","5.6566666666666667","2005-08-21 22:12:45"
772,"Sea Virgin","Drama","84.81","19","4.4636842105263158","2005-08-23 05:49:21"
15,"Alien Center","Foreign","84.80","20","4.2400000000000000","2005-08-23 19:21:22"
55,"Barbarella Streetcar","Sci-Fi","84.78","22","3.8536363636363636","2005-08-23 20:45:53"
559,"Married Go","Sci-Fi","84.74","26","3.2592307692307692","2005-08-22 19:56:41"
682,"Pittsburgh Hunchback","Family","83.89","11","7.6263636363636364","2005-08-22 06:37:43"
532,"Loser Hustler","Sports","83.86","14","5.9900000000000000","2005-08-23 01:25:30"
655,"Panther Reds","Sci-Fi","83.86","14","5.9900000000000000","2005-08-22 17:22:41"
757,"Sagebrush Clueless","Documentary","83.86","14","5.9900000000000000","2005-08-23 12:43:30"
265,"Dying Maker","Comedy","83.85","15","5.5900000000000000","2005-08-21 16:52:03"
329,"Forrest Sons","Action","83.83","17","4.9311764705882353","2005-08-23 15:47:02"
841,"Star Operation","Sports","83.80","20","4.1900000000000000","2006-02-14 15:16:03"
4,"Affair Prejudice","Horror","83.79","21","3.9900000000000000","2006-02-14 15:16:03"
644,"Oscar Gold","Animation","83.75","25","3.3500000000000000","2005-08-23 15:09:17"
611,"Musketeers Wait","Classics","82.85","15","5.5233333333333333","2005-08-21 02:23:25"
7,"Airplane Sierra","Comedy","82.85","15","5.5233333333333333","2005-08-22 17:18:05"
421,"Holiday Games","Foreign","82.85","15","5.5233333333333333","2005-08-23 01:29:59"
123,"Casablanca Super","Travel","82.84","16","5.1775000000000000","2005-08-23 01:16:55"
443,"Hurricane Affair","Comedy","82.77","23","3.5986956521739130","2005-08-21 09:04:20"
662,"Paths Control","Drama","81.90","10","8.1900000000000000","2005-08-23 16:18:12"
398,"Hanover Galaxy","Music","81.86","14","5.8471428571428571","2005-08-20 18:42:40"
115,"Campus Remember","Action","81.83","17","4.8135294117647059","2005-08-22 19:46:36"
753,"Rush Goodfellas","Family","81.72","28","2.9185714285714286","2005-08-22 10:29:44"
251,"Dragonfly Strangers","New","80.86","14","5.7757142857142857","2006-02-14 15:16:03"
667,"Peach Innocent","Sports","80.86","13","6.2200000000000000","2006-02-14 15:16:03"
438,"Human Graffiti","Games","80.85","15","5.3900000000000000","2005-08-22 17:46:41"
643,"Orient Closer","Drama","80.83","17","4.7547058823529412","2005-08-23 21:44:27"
936,"Vanishing Rocky","Music","80.83","17","4.7547058823529412","2006-02-14 15:16:03"
958,"Wardrobe Phantom","Drama","80.77","23","3.5117391304347826","2005-08-23 15:29:41"
638,"Operation Operation","Comedy","80.75","25","3.2300000000000000","2006-02-14 15:16:03"
68,"Betrayed Rear","Children","79.87","13","6.1438461538461538","2005-08-21 04:29:11"
272,"Edge Kissing","Drama","79.87","13","6.1438461538461538","2005-08-23 20:41:09"
70,"Bikini Borrowers","Animation","79.86","14","5.7042857142857143","2005-08-22 20:03:46"
121,"Carol Texas","Animation","79.83","17","4.6958823529411765","2005-08-23 11:55:50"
657,"Paradise Sabrina","Comedy","79.82","18","4.4344444444444444","2005-08-22 02:13:51"
852,"Strangelove Desire","Children","79.78","22","3.6263636363636364","2005-08-21 19:12:12"
625,"None Spiking","Sci-Fi","79.75","25","3.1900000000000000","2006-02-14 15:16:03"
867,"Super Wyoming","Family","78.88","12","6.5733333333333333","2005-08-20 17:58:00"
749,"Rules Human","Horror","78.87","13","6.0669230769230769","2005-08-22 06:53:21"
858,"Submarine Bed","Comedy","78.87","13","6.0669230769230769","2005-08-21 10:22:51"
229,"Devil Desire","Action","78.86","14","5.6328571428571429","2006-02-14 15:16:03"
385,"Groundhog Uncut","Comedy","78.86","14","5.6328571428571429","2006-02-14 15:16:03"
481,"Jekyll Frogmen","New","78.84","16","4.9275000000000000","2005-08-23 20:53:20"
464,"Intentions Empire","Animation","78.83","17","4.6370588235294118","2006-02-14 15:16:03"
608,"Murder Antitrust","Children","78.79","21","3.7519047619047619","2005-08-23 20:47:12"
78,"Blackout Private","Animation","78.77","23","3.4247826086956522","2005-08-23 01:39:10"
220,"Deer Virginian","Music","78.76","25","3.1504000000000000","2006-02-14 15:16:03"
901,"Tracy Cider","Animation","78.76","24","3.2816666666666667","2005-08-23 14:02:13"
181,"Contact Anonymous","Travel","78.76","24","3.2816666666666667","2005-08-21 23:08:33"
711,"Raging Airplane","Sci-Fi","77.88","12","6.4900000000000000","2005-08-23 02:51:27"
190,"Creepers Kane","Classics","77.87","13","5.9900000000000000","2005-08-23 01:15:07"
708,"Quills Bull","Documentary","77.87","13","5.9900000000000000","2005-08-23 08:51:21"
628,"Northwest Polish","Sports","77.82","18","4.3233333333333333","2005-08-23 20:12:17"
326,"Flying Hook","Animation","77.81","19","4.0952631578947368","2006-02-14 15:16:03"
707,"Quest Mussolini","Action","77.80","20","3.8900000000000000","2005-08-23 08:19:55"
402,"Harper Dying","Animation","77.80","20","3.8900000000000000","2005-08-23 21:59:26"
154,"Clash Freddy","Animation","77.77","23","3.3813043478260870","2005-08-23 18:49:32"
234,"Disturbing Scarface","Sci-Fi","77.77","23","3.3813043478260870","2005-08-22 14:26:01"
434,"Horror Reign","Travel","77.75","25","3.1100000000000000","2005-08-23 13:10:16"
531,"Lose Inch","Foreign","77.74","26","2.9900000000000000","2005-08-22 09:25:24"
588,"Model Fish","Children","76.87","13","5.9130769230769231","2005-08-21 17:30:17"
917,"Tuxedo Mile","Sports","76.87","13","5.9130769230769231","2006-02-14 15:16:03"
510,"Lawless Vision","Animation","76.86","15","5.1240000000000000","2006-02-14 15:16:03"
381,"Grinch Massage","Games","76.86","14","5.4900000000000000","2005-08-22 14:41:05"
956,"Wanda Chamber","Games","76.86","14","5.4900000000000000","2006-02-14 15:16:03"
453,"Image Princess","Sports","76.86","14","5.4900000000000000","2005-08-23 17:57:28"
50,"Baked Cleopatra","Family","76.85","15","5.1233333333333333","2006-02-14 15:16:03"
806,"Sleepy Japanese","New","76.83","18","4.2683333333333333","2006-02-14 15:16:03"
616,"National Story","Documentary","76.83","17","4.5194117647058824","2005-08-23 11:16:29"
920,"Unbreakable Karate","New","76.81","19","4.0426315789473684","2005-08-22 18:48:48"
782,"Shakespeare Saddle","Sports","76.80","20","3.8400000000000000","2005-08-22 02:26:33"
49,"Badman Dawn","Sci-Fi","76.79","21","3.6566666666666667","2005-08-23 15:23:50"
471,"Island Exorcist","Classics","76.77","23","3.3378260869565217","2005-08-23 11:28:49"
177,"Connecticut Tramp","Sci-Fi","75.89","11","6.8990909090909091","2005-08-22 06:23:54"
597,"Moonwalker Fool","Games","75.89","11","6.8990909090909091","2006-02-14 15:16:03"
219,"Deep Crusade","Documentary","75.87","13","5.8361538461538462","2006-02-14 15:16:03"
420,"Holes Brannigan","Sports","75.86","15","5.0573333333333333","2006-02-14 15:16:03"
774,"Searchers Wait","Comedy","75.86","14","5.4185714285714286","2005-08-20 21:26:55"
820,"Sons Interview","Animation","75.85","14","5.4178571428571429","2006-02-14 15:16:03"
912,"Trojan Tomorrow","Sci-Fi","75.82","17","4.4600000000000000","2006-02-14 15:16:03"
83,"Blues Instinct","Family","75.82","18","4.2122222222222222","2005-08-23 11:25:00"
43,"Atlantis Cause","Family","75.79","21","3.6090476190476190","2005-08-19 06:38:59"
554,"Malkovich Pet","Classics","75.77","23","3.2943478260869565","2005-08-23 14:23:23"
46,"Autumn Crow","Games","74.90","10","7.4900000000000000","2005-08-21 22:25:53"
74,"Birch Antitrust","Music","74.89","11","6.8081818181818182","2005-08-23 10:56:15"
455,"Impossible Prejudice","Foreign","74.86","14","5.3471428571428571","2005-08-22 15:57:38"
542,"Lust Lock","Action","74.82","15","4.9880000000000000","2006-02-14 15:16:03"
322,"Flatliners Killer","Sports","74.81","19","3.9373684210526316","2005-08-22 16:30:43"
193,"Crossroads Casualties","Animation","74.80","20","3.7400000000000000","2005-08-23 12:47:05"
288,"Escape Metropolis","Travel","74.77","23","3.2508695652173913","2005-08-23 12:47:16"
341,"Frost Head","Classics","74.72","28","2.6685714285714286","2006-02-14 15:16:03"
113,"California Birds","Sports","73.89","11","6.7172727272727273","2005-08-23 12:46:38"
888,"Thin Sagebrush","Documentary","73.89","11","6.7172727272727273","2005-08-21 19:19:21"
686,"Pluto Oleander","New","73.87","13","5.6823076923076923","2005-08-21 13:52:54"
987,"Words Hunter","Music","73.86","14","5.2757142857142857","2005-08-22 18:59:01"
648,"Outlaw Hanky","Travel","73.86","14","5.2757142857142857","2006-02-14 15:16:03"
953,"Wait Cider","Animation","73.82","18","4.1011111111111111","2005-08-23 14:07:56"
302,"Fantasia Park","Games","73.81","19","3.8847368421052632","2005-08-23 22:12:44"
252,"Dream Pickup","Action","73.80","20","3.6900000000000000","2005-08-22 02:20:44"
391,"Half Outfield","Family","73.79","22","3.3540909090909091","2006-02-14 15:16:03"
210,"Darko Dorado","Action","72.90","10","7.2900000000000000","2005-08-23 11:32:35"
432,"Hope Tootsie","Classics","72.83","17","4.2841176470588235","2005-08-22 11:43:04"
67,"Berets Agent","Action","72.80","19","3.8315789473684211","2006-02-14 15:16:03"
247,"Downhill Enough","Comedy","72.79","21","3.4661904761904762","2005-08-23 18:08:59"
151,"Cincinatti Whisperer","Sci-Fi","71.89","11","6.5354545454545455","2006-02-14 15:16:03"
9,"Alabama Devil","Horror","71.88","12","5.9900000000000000","2005-08-23 14:26:51"
81,"Blindness Gun","Sci-Fi","71.87","13","5.5284615384615385","2005-08-23 09:41:28"
473,"Jacket Frisco","Drama","71.84","16","4.4900000000000000","2005-08-21 07:09:27"
967,"Weekend Personal","Sci-Fi","71.83","17","4.2252941176470588","2005-08-22 23:35:41"
966,"Wedding Apollo","Documentary","71.79","21","3.4185714285714286","2006-02-14 15:16:03"
480,"Jeepers Wedding","Classics","70.87","13","5.4515384615384615","2005-08-23 03:13:01"
765,"Saturn Name","Comedy","70.87","13","5.4515384615384615","2005-08-23 18:36:44"
173,"Confessions Maguire","Drama","70.87","13","5.4515384615384615","2005-08-22 15:21:56"
308,"Ferris Mother","Comedy","70.85","15","4.7233333333333333","2005-08-22 21:39:45"
724,"Remember Diary","Family","70.83","17","4.1664705882352941","2005-08-23 08:54:26"
914,"Trouble Date","Travel","70.81","20","3.5405000000000000","2006-02-14 15:16:03"
353,"Gentlemen Stage","Foreign","70.80","20","3.5400000000000000","2005-08-22 01:17:18"
645,"Others Soup","Travel","70.80","20","3.5400000000000000","2005-08-23 13:05:10"
22,"Amistad Midsummer","New","70.79","21","3.3709523809523810","2006-02-14 15:16:03"
555,"Mallrats United","Comedy","70.78","22","3.2172727272727273","2005-08-23 21:59:57"
889,"Ties Hunger","Children","69.91","9","7.7677777777777778","2005-08-23 15:41:20"
214,"Daughter Madigan","Children","69.91","9","7.7677777777777778","2005-08-23 00:46:52"
60,"Beast Hunchback","Classics","69.90","10","6.9900000000000000","2005-08-22 19:28:02"
933,"Vampire Whale","New","69.89","11","6.3536363636363636","2005-08-22 01:52:26"
169,"Comforts Rush","Travel","69.85","15","4.6566666666666667","2005-08-19 16:50:50"
463,"Instinct Airport","Sports","69.83","17","4.1076470588235294","2005-08-23 15:41:12"
968,"Werewolf Lola","Action","68.88","12","5.7400000000000000","2005-08-23 20:00:30"
323,"Flight Lies","Sports","68.88","12","5.7400000000000000","2005-08-21 02:14:03"
448,"Idaho Love","New","68.85","15","4.5900000000000000","2005-08-20 08:27:27"
298,"Eyes Driving","Sci-Fi","68.84","16","4.3025000000000000","2005-08-21 22:21:49"
99,"Bringing Hysterical","Comedy","68.81","19","3.6215789473684211","2005-08-23 07:53:38"
418,"Hobbit Alien","Drama","68.74","26","2.6438461538461538","2005-08-22 13:06:26"
20,"Amelie Hellfighters","Music","67.90","10","6.7900000000000000","2005-08-23 12:07:51"
519,"Liberty Magnificent","Sports","67.89","11","6.1718181818181818","2005-08-23 06:03:31"
231,"Dinosaur Secretary","Family","67.81","19","3.5689473684210526","2005-08-23 20:07:10"
366,"Goldfinger Sensibility","Drama","67.79","21","3.2280952380952381","2005-08-22 00:46:54"
491,"Jumping Wrath","Children","67.79","21","3.2280952380952381","2005-08-23 17:09:31"
374,"Graffiti Love","Sci-Fi","67.74","26","2.6053846153846154","2005-08-23 15:03:58"
748,"Rugrats Shakespeare","Action","67.72","28","2.4185714285714286","2005-08-23 20:47:28"
120,"Caribbean Liberty","Sports","66.92","8","8.3650000000000000","2005-08-23 00:05:57"
918,"Twisted Pirates","Children","66.89","11","6.0809090909090909","2005-08-23 12:33:41"
661,"Past Suicides","Foreign","66.88","12","5.5733333333333333","2005-08-20 21:50:11"
207,"Dangerous Uptown","Foreign","66.88","12","5.5733333333333333","2005-08-23 10:32:52"
426,"Home Pity","Music","66.88","12","5.5733333333333333","2005-08-21 09:39:50"
84,"Boiled Dares","Travel","66.87","13","5.1438461538461538","2005-08-21 04:30:47"
137,"Charade Duffel","Sci-Fi","66.87","13","5.1438461538461538","2005-08-23 22:20:40"
991,"Worst Banger","Action","66.85","15","4.4566666666666667","2005-08-23 01:13:52"
999,"Zoolander Fiction","Children","66.85","15","4.4566666666666667","2005-08-23 08:48:43"
275,"Egypt Tenenbaums","Horror","66.84","16","4.1775000000000000","2005-08-22 18:39:11"
986,"Wonka Sea","Animation","66.82","18","3.7122222222222222","2005-08-23 16:07:15"
689,"Pollock Deliverance","Foreign","66.82","17","3.9305882352941176","2006-02-14 15:16:03"
853,"Stranger Strangers","Children","65.90","10","6.5900000000000000","2005-08-20 15:18:20"
957,"War Notting","Foreign","65.88","12","5.4900000000000000","2005-08-23 00:11:52"
929,"Usual Untouchables","Foreign","65.88","12","5.4900000000000000","2005-08-23 16:08:15"
133,"Chamber Italian","Music","65.88","13","5.0676923076923077","2006-02-14 15:16:03"
529,"Lonely Elephant","Comedy","65.87","13","5.0669230769230769","2005-08-21 16:44:32"
138,"Chariots Conspiracy","Sci-Fi","65.81","19","3.4636842105263158","2005-08-22 06:17:12"
437,"House Dynamite","Family","65.80","20","3.2900000000000000","2005-08-23 20:16:27"
816,"Snowman Rollercoaster","Animation","65.79","21","3.1328571428571429","2005-08-23 20:08:26"
545,"Madness Attacks","Foreign","65.77","23","2.8595652173913043","2005-08-22 17:27:23"
277,"Elephant Trojan","Horror","64.90","10","6.4900000000000000","2005-08-22 16:15:33"
312,"Fiddler Lost","Sci-Fi","64.90","10","6.4900000000000000","2005-08-23 14:12:22"
389,"Gunfighter Mussolini","Sports","64.89","11","5.8990909090909091","2005-08-23 03:30:45"
544,"Madison Trap","Documentary","64.87","13","4.9900000000000000","2005-08-22 12:24:55"
236,"Divine Resurrection","Games","64.85","15","4.3233333333333333","2006-02-14 15:16:03"
870,"Swarm Gold","Horror","64.77","23","2.8160869565217391","2006-02-14 15:16:03"
28,"Anthem Luke","Comedy","63.89","11","5.8081818181818182","2005-08-22 22:37:34"
202,"Daddy Pittsburgh","Comedy","63.89","11","5.8081818181818182","2005-08-22 01:17:16"
599,"Mother Oleander","Sports","63.87","13","4.9130769230769231","2005-08-23 15:59:51"
72,"Bill Others","Documentary","63.82","18","3.5455555555555556","2005-08-23 19:50:06"
134,"Champion Flatliners","Animation","62.90","10","6.2900000000000000","2005-08-23 16:44:25"
347,"Games Bowfinger","Travel","62.88","12","5.2400000000000000","2005-08-23 02:33:27"
536,"Lovely Jingle","Classics","62.87","13","4.8361538461538462","2006-02-14 15:16:03"
693,"Potter Connecticut","Animation","62.85","15","4.1900000000000000","2005-08-22 01:20:19"
716,"Reap Unfaithful","Horror","62.84","16","3.9275000000000000","2005-08-23 05:32:03"
351,"Gaslight Crusade","Horror","62.84","16","3.9275000000000000","2005-08-23 18:45:06"
254,"Driver Annie","Sports","62.84","16","3.9275000000000000","2006-02-14 15:16:03"
619,"Neighbors Charade","Sports","62.83","17","3.6958823529411765","2005-08-21 23:40:28"
514,"Lebowski Soldiers","Drama","62.82","18","3.4900000000000000","2005-08-23 12:15:51"
993,"Wrong Behavior","Children","62.80","20","3.1400000000000000","2005-08-23 18:54:07"
228,"Detective Vision","Classics","62.76","24","2.6150000000000000","2006-02-14 15:16:03"
525,"Loathing Legally","Classics","62.74","26","2.4130769230769231","2006-02-14 15:16:03"
126,"Casualties Encino","Action","61.92","8","7.7400000000000000","2005-08-21 14:47:09"
994,"Wyoming Storm","New","61.89","11","5.6263636363636364","2005-08-23 18:31:40"
17,"Alone Trip","Music","61.83","17","3.6370588235294118","2006-02-14 15:16:03"
462,"Insider Arizona","Music","61.83","17","3.6370588235294118","2006-02-14 15:16:03"
690,"Pond Seattle","Animation","61.82","18","3.4344444444444444","2005-08-22 11:09:18"
292,"Excitement Eve","Action","61.80","20","3.0900000000000000","2005-08-22 15:52:57"
235,"Divide Monster","Sci-Fi","61.80","20","3.0900000000000000","2005-08-20 14:23:16"
641,"Orange Grapes","Foreign","61.78","22","2.8081818181818182","2005-08-23 20:13:31"
824,"Spartacus Cheaper","Family","60.91","9","6.7677777777777778","2005-08-21 08:40:21"
640,"Opus Ice","Foreign","60.90","10","6.0900000000000000","2005-08-22 06:10:53"
626,"Noon Papi","Children","60.85","15","4.0566666666666667","2005-08-20 12:33:36"
269,"Earring Instinct","Family","60.83","17","3.5782352941176471","2005-08-23 13:56:40"
800,"Sinners Atlantis","Horror","60.81","19","3.2005263157894737","2005-08-22 14:59:30"
266,"Dynamite Tarzan","Classics","60.77","23","2.6421739130434783","2005-08-23 19:06:04"
301,"Family Sweet","Horror","60.73","26","2.3357692307692308","2006-02-14 15:16:03"
499,"King Evolution","Family","59.92","8","7.4900000000000000","2005-08-21 11:36:15"
487,"Jingle Sagebrush","Classics","59.89","11","5.4445454545454545","2005-08-23 00:37:21"
88,"Born Spinal","Travel","59.88","12","4.9900000000000000","2005-08-23 13:45:44"
478,"Jaws Harry","Comedy","59.87","13","4.6053846153846154","2005-08-21 12:07:25"
42,"Artist Coldblooded","Sports","59.86","14","4.2757142857142857","2005-08-22 19:44:53"
620,"Nemo Campus","Sci-Fi","59.86","14","4.2757142857142857","2005-08-23 03:03:40"
557,"Manchurian Curtain","Family","59.86","14","4.2757142857142857","2005-08-23 21:10:24"
429,"Honey Ties","Sports","59.84","16","3.7400000000000000","2005-08-23 02:45:21"
56,"Barefoot Manchurian","Action","59.83","17","3.5194117647058824","2005-08-23 19:45:25"
158,"Clones Pinocchio","Music","59.83","17","3.5194117647058824","2005-08-22 05:53:52"
428,"Homicide Peach","Family","59.82","18","3.3233333333333333","2005-08-23 09:02:04"
811,"Smile Earring","Travel","58.90","10","5.8900000000000000","2005-08-19 19:11:41"
872,"Sweet Brotherhood","Travel","58.89","11","5.3536363636363636","2005-08-23 19:35:42"
615,"Nash Chocolat","Animation","58.87","13","4.5284615384615385","2005-08-22 06:19:37"
344,"Fury Murder","Children","58.83","17","3.4605882352941176","2005-08-22 06:05:38"
242,"Doom Dancing","Comedy","58.83","17","3.4605882352941176","2005-08-22 19:08:49"
142,"Chicken Hellfighters","Documentary","58.81","19","3.0952631578947368","2005-08-23 22:06:34"
311,"Fiction Christmas","Foreign","58.81","19","3.0952631578947368","2005-08-23 13:18:16"
651,"Packer Madigan","Animation","58.80","20","2.9400000000000000","2005-08-23 02:02:53"
417,"Hills Neighbors","Action","58.79","21","2.7995238095238095","2005-08-23 04:17:56"
881,"Temple Attraction","Horror","57.90","10","5.7900000000000000","2005-08-23 06:09:44"
508,"Lambs Cincinatti","Games","57.90","10","5.7900000000000000","2005-08-22 15:53:32"
633,"October Submarine","Classics","57.90","10","5.7900000000000000","2005-08-23 18:43:31"
796,"Sierra Divide","Sports","57.85","15","3.8566666666666667","2005-08-23 10:35:45"
317,"Fireball Philadelphia","Comedy","57.81","19","3.0426315789473684","2005-08-22 19:41:37"
93,"Brannigan Sunrise","New","56.91","9","6.3233333333333333","2005-08-23 16:24:24"
276,"Element Freddy","Comedy","56.90","10","5.6900000000000000","2005-08-23 13:06:19"
342,"Fugitive Maguire","Travel","56.89","11","5.1718181818181818","2005-08-23 13:33:46"
639,"Opposite Necklace","Family","56.89","11","5.1718181818181818","2006-02-14 15:16:03"
564,"Massage Image","Animation","56.89","11","5.1718181818181818","2005-08-21 13:53:33"
567,"Meet Chocolate","Foreign","56.89","11","5.1718181818181818","2005-08-23 20:44:10"
92,"Bowfinger Gables","Horror","56.89","11","5.1718181818181818","2005-08-19 10:49:03"
449,"Identity Lover","Sci-Fi","56.88","12","4.7400000000000000","2005-08-21 13:55:39"
916,"Turn Star","Animation","56.88","12","4.7400000000000000","2005-08-22 16:06:23"
90,"Boulevard Mob","New","56.84","16","3.5525000000000000","2006-02-14 15:16:03"
189,"Creatures Shakespeare","Games","56.84","16","3.5525000000000000","2006-02-14 15:16:03"
150,"Cider Desire","Documentary","56.83","17","3.3429411764705882","2005-08-23 11:16:16"
733,"River Outlaw","Sports","56.82","19","2.9905263157894737","2006-02-14 15:16:03"
245,"Double Wrath","Animation","56.79","21","2.7042857142857143","2005-08-23 00:56:01"
376,"Grapes Fury","Foreign","56.77","22","2.5804545454545455","2006-02-14 15:16:03"
842,"State Wasteland","Games","55.89","12","4.6575000000000000","2006-02-14 15:16:03"
58,"Beach Heartbreakers","Documentary","55.86","14","3.9900000000000000","2005-08-23 15:29:17"
24,"Analyze Hoosiers","Horror","55.86","14","3.9900000000000000","2005-08-22 17:58:27"
606,"Mummy Creatures","Sports","55.85","15","3.7233333333333333","2006-02-14 15:16:03"
380,"Greek Everyone","Foreign","55.83","17","3.2841176470588235","2005-08-19 23:38:02"
851,"Straight Hours","Sports","55.81","19","2.9373684210526316","2005-08-22 16:33:39"
548,"Magnificent Chitty","Classics","54.92","8","6.8650000000000000","2005-08-19 19:35:13"
591,"Monsoon Cause","Games","54.91","9","6.1011111111111111","2005-08-19 10:33:52"
13,"Ali Forever","Horror","54.91","9","6.1011111111111111","2006-02-14 15:16:03"
537,"Lover Truman","Classics","54.91","9","6.1011111111111111","2005-08-21 15:44:23"
709,"Racer Egg","Drama","54.83","17","3.2252941176470588","2005-08-23 17:36:00"
204,"Dalmations Sweden","Drama","54.82","18","3.0455555555555556","2005-08-21 23:09:32"
647,"Outfield Massacre","Music","54.82","18","3.0455555555555556","2006-02-14 15:16:03"
890,"Tights Dawn","Sports","54.76","24","2.2816666666666667","2005-08-23 07:07:22"
632,"Nuts Ties","New","53.91","9","5.9900000000000000","2005-08-23 18:43:22"
75,"Bird Independence","Travel","53.91","9","5.9900000000000000","2005-08-23 22:13:04"
338,"Frisco Forrest","Sci-Fi","53.91","9","5.9900000000000000","2006-02-14 15:16:03"
152,"Circus Youth","Children","53.86","14","3.8471428571428571","2005-08-23 12:41:07"
474,"Jade Bunch","Sports","53.85","15","3.5900000000000000","2005-08-23 15:30:48"
672,"Perfect Groove","Comedy","53.84","16","3.3650000000000000","2005-08-23 21:37:59"
314,"Fight Jawbreaker","Animation","53.80","20","2.6900000000000000","2006-02-14 15:16:03"
586,"Mockingbird Hollywood","Action","53.78","22","2.4445454545454545","2006-02-14 15:16:03"
2,"Ace Goldfinger","Horror","52.93","7","7.5614285714285714","2006-02-14 15:16:03"
390,"Guys Falcon","Sci-Fi","52.92","8","6.6150000000000000","2005-08-22 04:31:50"
246,"Doubtfire Labyrinth","Foreign","52.91","9","5.8788888888888889","2005-08-21 00:44:34"
934,"Vanilla Day","Games","52.91","9","5.8788888888888889","2005-08-21 12:47:38"
780,"Sensibility Rear","Family","52.90","10","5.2900000000000000","2005-08-21 14:57:03"
731,"Right Cranes","Classics","52.90","10","5.2900000000000000","2005-08-21 06:39:08"
705,"Purple Movie","Foreign","52.88","12","4.4066666666666667","2005-08-23 18:44:21"
783,"Shane Darkness","Travel","52.87","13","4.0669230769230769","2005-08-22 07:32:23"
664,"Patriot Roman","Action","52.85","15","3.5233333333333333","2005-08-22 16:40:21"
975,"Willow Tracy","Family","52.85","15","3.5233333333333333","2005-08-23 10:11:40"
358,"Gilmore Boiled","Classics","52.76","24","2.1983333333333333","2005-08-22 17:18:32"
653,"Panic Club","Horror","51.93","7","7.4185714285714286","2005-08-22 17:32:57"
627,"North Tequila","Documentary","51.91","9","5.7677777777777778","2005-08-23 14:06:19"
679,"Pilot Hoosiers","Family","51.86","14","3.7042857142857143","2005-08-20 05:50:05"
601,"Moulin Wake","Travel","51.84","16","3.2400000000000000","2005-08-22 10:24:32"
286,"Enough Raging","Travel","51.84","16","3.2400000000000000","2006-02-14 15:16:03"
746,"Rouge Squad","Games","51.84","16","3.2400000000000000","2005-08-23 11:33:25"
23,"Anaconda Confessions","Animation","51.82","18","2.8788888888888889","2005-08-20 21:21:08"
494,"Karate Moon","Horror","51.80","20","2.5900000000000000","2005-08-23 15:46:33"
469,"Iron Moon","Classics","50.90","10","5.0900000000000000","2005-08-23 14:05:37"
533,"Lost Bird","Foreign","50.90","10","5.0900000000000000","2005-08-21 06:21:24"
145,"Chisum Behavior","Family","50.90","10","5.0900000000000000","2005-08-20 08:57:28"
977,"Window Side","Travel","50.89","11","4.6263636363636364","2006-02-14 15:16:03"
728,"Reunion Witches","Drama","50.82","18","2.8233333333333333","2005-08-23 07:43:00"
26,"Annie Identity","Sci-Fi","50.81","19","2.6742105263157895","2005-08-23 03:30:51"
863,"Sun Confessions","Sci-Fi","50.77","23","2.2073913043478261","2005-08-22 10:07:52"
395,"Handicap Boondock","Action","50.76","24","2.1150000000000000","2005-08-22 18:04:22"
91,"Bound Cheaper","Classics","50.76","24","2.1150000000000000","2006-02-14 15:16:03"
293,"Exorcist Sting","Sports","49.88","12","4.1566666666666667","2005-08-21 09:49:28"
932,"Valley Packer","Comedy","49.88","12","4.1566666666666667","2005-08-22 01:10:32"
561,"Mask Peach","New","49.86","14","3.5614285714285714","2005-08-22 15:56:42"
410,"Heaven Freedom","Comedy","49.85","15","3.3233333333333333","2005-08-23 14:42:07"
631,"Novocaine Flight","Sports","49.82","18","2.7677777777777778","2005-08-22 23:06:25"
147,"Chocolat Harry","Family","49.81","19","2.6215789473684211","2005-08-20 09:07:39"
206,"Dancing Fever","Documentary","49.76","24","2.0733333333333333","2005-08-22 11:11:51"
659,"Park Citizen","Action","48.94","6","8.1566666666666667","2005-08-20 20:26:53"
543,"Madigan Dorado","Travel","48.92","8","6.1150000000000000","2005-08-23 01:45:07"
371,"Gosford Donnie","Action","48.92","8","6.1150000000000000","2005-08-22 07:35:31"
587,"Mod Secretary","Documentary","48.91","9","5.4344444444444444","2005-08-21 09:16:40"
729,"Rider Caddyshack","Sports","48.89","11","4.4445454545454545","2005-08-22 17:00:31"
592,"Monster Spartacus","Music","48.86","14","3.4900000000000000","2006-02-14 15:16:03"
937,"Varsity Trip","New","48.84","16","3.0525000000000000","2006-02-14 15:16:03"
737,"Rock Instinct","Horror","48.83","17","2.8723529411764706","2005-08-23 07:54:54"
496,"Kick Savannah","Travel","48.83","17","2.8723529411764706","2006-02-14 15:16:03"
807,"Sleuth Orient","Games","48.81","19","2.5689473684210526","2005-08-22 08:21:21"
810,"Slums Duck","Family","48.78","22","2.2172727272727273","2005-08-22 13:59:19"
779,"Sense Greek","Sports","47.93","7","6.8471428571428571","2005-08-23 17:52:01"
721,"Reds Pocus","Music","47.92","8","5.9900000000000000","2005-08-23 21:04:51"
503,"Kramer Chocolate","Sports","47.91","9","5.3233333333333333","2005-08-22 11:58:58"
5,"African Egg","Family","47.89","11","4.3536363636363636","2006-02-14 15:16:03"
232,"Dirty Ace","Games","47.87","13","3.6823076923076923","2005-08-21 18:35:44"
546,"Madre Gables","Games","47.87","13","3.6823076923076923","2005-08-23 11:15:20"
988,"Worker Tarzan","Travel","47.86","14","3.4185714285714286","2005-08-22 19:54:26"
345,"Gables Metropolis","Family","47.83","17","2.8135294117647059","2006-02-14 15:16:03"
406,"Haunting Pianist","Games","47.80","20","2.3900000000000000","2005-08-23 16:15:45"
945,"Virginian Pluto","Documentary","47.75","25","1.9100000000000000","2006-02-14 15:16:03"
384,"Grosse Wonderful","Music","46.92","8","5.8650000000000000","2005-08-21 13:54:15"
984,"Wonderful Drop","Foreign","46.92","8","5.8650000000000000","2005-08-22 21:24:19"
905,"Trainspotting Strangers","Comedy","46.91","9","5.2122222222222222","2005-08-23 19:22:36"
837,"Stage World","Comedy","46.90","10","4.6900000000000000","2005-08-21 04:49:41"
793,"Shrunk Divine","Action","46.87","13","3.6053846153846154","2005-08-23 18:51:41"
16,"Alley Evolution","Foreign","46.87","13","3.6053846153846154","2005-08-22 07:10:26"
900,"Town Ark","Foreign","46.87","13","3.6053846153846154","2005-08-22 18:05:21"
913,"Troopers Metal","New","46.86","14","3.3471428571428571","2005-08-23 07:25:29"
111,"Caddyshack Jedi","Action","46.86","14","3.3471428571428571","2005-08-23 14:27:07"
458,"Indian Love","Family","46.85","15","3.1233333333333333","2005-08-23 16:50:43"
623,"Newton Labyrinth","Foreign","46.84","16","2.9275000000000000","2005-08-22 11:43:42"
388,"Gunfight Moon","Comedy","46.79","21","2.2280952380952381","2006-02-14 15:16:03"
156,"Clerks Angels","Documentary","45.94","6","7.6566666666666667","2005-08-21 04:49:48"
124,"Casper Dragonfly","Children","45.93","7","6.5614285714285714","2005-08-21 20:01:34"
104,"Bugsy Song","Foreign","45.91","9","5.1011111111111111","2005-08-21 16:03:27"
528,"Lolita World","Family","45.91","9","5.1011111111111111","2005-08-23 21:13:39"
209,"Darkness War","Drama","45.88","12","3.8233333333333333","2005-08-22 00:40:49"
927,"Uprising Uptown","Action","45.87","13","3.5284615384615385","2005-08-23 16:54:09"
681,"Pirates Roxanne","Sports","45.81","18","2.5450000000000000","2006-02-14 15:16:03"
197,"Crusade Honey","Sports","44.93","7","6.4185714285714286","2005-08-23 13:01:43"
826,"Speed Suit","Travel","44.92","8","5.6150000000000000","2005-08-20 14:42:34"
211,"Darling Breaking","Games","44.92","8","5.6150000000000000","2005-08-21 19:14:48"
788,"Ship Wonderland","Documentary","44.86","14","3.2042857142857143","2005-08-22 01:35:37"
436,"Hours Rage","New","44.82","18","2.4900000000000000","2005-08-22 16:49:02"
30,"Anything Savannah","Horror","43.92","8","5.4900000000000000","2005-08-22 02:09:12"
256,"Drop Waterfront","Sports","43.92","8","5.4900000000000000","2005-08-22 10:39:51"
692,"Potluck Mixed","Animation","43.90","10","4.3900000000000000","2005-08-23 06:48:47"
573,"Microcosmos Paradise","Children","43.88","12","3.6566666666666667","2005-08-23 22:14:31"
201,"Cyclone Family","Foreign","43.87","14","3.1335714285714286","2006-02-14 15:16:03"
673,"Personal Ladybugs","Music","43.87","13","3.3746153846153846","2005-08-22 15:30:25"
333,"Freaky Pocus","Music","43.86","14","3.1328571428571429","2005-08-22 18:57:39"
784,"Shanghai Tycoon","Travel","43.86","14","3.1328571428571429","2005-08-21 19:01:36"
925,"United Pilot","Documentary","43.85","15","2.9233333333333333","2005-08-21 21:50:51"
363,"Go Purple","Music","43.83","17","2.5782352941176471","2005-08-23 14:38:37"
650,"Pacific Amistad","Documentary","43.81","19","2.3057894736842105","2005-08-23 02:25:09"
367,"Goldmine Tycoon","Sci-Fi","43.76","24","1.8233333333333333","2005-08-22 12:47:45"
470,"Ishtar Rocketeer","Animation","42.94","6","7.1566666666666667","2005-08-22 18:03:11"
750,"Run Pacific","New","42.91","9","4.7677777777777778","2005-08-22 08:52:53"
960,"Wars Pluto","Documentary","42.90","10","4.2900000000000000","2005-08-22 10:34:39"
589,"Modern Dorado","Documentary","42.88","12","3.5733333333333333","2005-08-23 14:31:50"
770,"Scissorhands Slums","Foreign","42.88","12","3.5733333333333333","2005-08-22 05:59:59"
296,"Express Lonely","Sci-Fi","42.88","12","3.5733333333333333","2005-08-23 16:22:20"
921,"Uncut Suicides","Music","42.87","13","3.2976923076923077","2005-08-23 05:04:33"
287,"Entrapment Satisfaction","Action","42.87","13","3.2976923076923077","2005-08-23 09:02:03"
847,"Stock Glass","New","42.87","13","3.2976923076923077","2005-08-23 09:23:08"
373,"Graduate Lord","Children","42.87","13","3.2976923076923077","2005-08-22 06:30:10"
526,"Lock Rear","Travel","42.86","14","3.0614285714285714","2005-08-23 03:52:36"
504,"Kwai Homeward","Drama","42.80","20","2.1400000000000000","2005-08-22 19:44:00"
951,"Voyage Legally","Classics","42.75","25","1.7100000000000000","2005-08-23 22:26:47"
849,"Storm Happiness","Animation","42.74","26","1.6438461538461538","2005-08-22 20:44:35"
703,"Punk Divorce","Animation","41.93","7","5.9900000000000000","2005-08-20 16:51:18"
435,"Hotel Happiness","Foreign","41.92","8","5.2400000000000000","2005-08-22 19:23:58"
582,"Miracle Virtual","Animation","41.92","8","5.2400000000000000","2005-08-18 15:15:44"
431,"Hoosiers Birdcage","Foreign","41.92","8","5.2400000000000000","2005-08-18 00:14:03"
96,"Breaking Home","New","41.90","10","4.1900000000000000","2005-08-19 10:15:19"
825,"Speakeasy Date","Action","41.89","11","3.8081818181818182","2005-08-21 17:48:49"
213,"Date Speed","Family","41.88","12","3.4900000000000000","2005-08-21 16:32:32"
660,"Party Knock","Comedy","41.88","12","3.4900000000000000","2005-08-23 17:44:53"
505,"Labyrinth League","Children","41.87","13","3.2207692307692308","2005-08-22 21:41:40"
39,"Armageddon Lost","Sci-Fi","41.80","20","2.0900000000000000","2006-02-14 15:16:03"
161,"Clue Grail","Music","40.93","7","5.8471428571428571","2005-08-18 22:11:37"
289,"Eve Resurrection","New","40.93","7","5.8471428571428571","2005-08-18 19:36:05"
47,"Baby Hall","Foreign","40.93","7","5.8471428571428571","2005-08-22 03:47:39"
876,"Tarzan Videotape","Horror","40.92","8","5.1150000000000000","2005-08-22 01:32:14"
685,"Platoon Instinct","New","40.92","8","5.1150000000000000","2005-08-21 10:16:27"
565,"Matrix Snowman","Foreign","40.92","8","5.1150000000000000","2005-08-21 09:20:03"
375,"Grail Frankenstein","Action","40.92","8","5.1150000000000000","2006-02-14 15:16:03"
337,"Frida Slipper","Foreign","40.90","11","3.7181818181818182","2006-02-14 15:16:03"
442,"Hunting Musketeers","Family","40.88","12","3.4066666666666667","2005-08-23 16:18:25"
658,"Paris Weekend","Horror","40.88","12","3.4066666666666667","2005-08-23 07:23:29"
328,"Forever Candidate","Children","40.88","12","3.4066666666666667","2005-08-23 19:35:42"
962,"Wasteland Divine","Classics","40.88","12","3.4066666666666667","2005-08-21 11:20:21"
383,"Groove Fiction","Sports","40.83","17","2.4017647058823529","2005-08-21 12:47:53"
906,"Tramp Others","Comedy","40.82","18","2.2677777777777778","2005-08-22 11:05:34"
54,"Banger Pinocchio","Music","40.80","20","2.0400000000000000","2005-08-23 21:01:09"
273,"Effect Gladiator","Family","40.79","21","1.9423809523809524","2006-02-14 15:16:03"
833,"Splendor Patton","Children","40.79","21","1.9423809523809524","2005-08-23 14:23:03"
687,"Pocus Pulp","Documentary","40.75","25","1.6300000000000000","2005-08-23 15:21:19"
884,"Terminator Club","Music","39.94","6","6.6566666666666667","2005-08-22 06:49:15"
485,"Jersey Sassy","Children","39.94","6","6.6566666666666667","2005-08-18 23:21:50"
316,"Fire Wolves","Games","39.93","7","5.7042857142857143","2005-08-20 19:19:30"
466,"Intolerable Intentions","Documentary","39.93","7","5.7042857142857143","2005-08-19 03:38:32"
422,"Hollow Jeopardy","Sci-Fi","39.92","8","4.9900000000000000","2005-08-22 11:49:16"
515,"Legally Secretary","Children","39.92","8","4.9900000000000000","2005-08-22 15:25:33"
740,"Rollercoaster Bringing","Horror","39.91","9","4.4344444444444444","2005-08-23 21:26:35"
530,"Lord Arizona","Action","39.90","10","3.9900000000000000","2006-02-14 15:16:03"
394,"Hamlet Wisdom","Sci-Fi","39.88","12","3.3233333333333333","2005-08-20 10:31:01"
829,"Spinal Rocky","Family","39.87","13","3.0669230769230769","2005-08-23 09:38:17"
110,"Cabin Flash","Children","39.86","14","2.8471428571428571","2005-08-21 15:57:25"
652,"Pajama Jawbreaker","Classics","39.86","14","2.8471428571428571","2005-08-21 23:47:16"
233,"Disciple Mother","Travel","39.82","18","2.2122222222222222","2006-02-14 15:16:03"
602,"Mourning Purple","Sci-Fi","39.81","19","2.0952631578947368","2005-08-22 19:54:52"
472,"Italian African","Travel","38.94","6","6.4900000000000000","2005-08-23 16:19:14"
719,"Records Zorro","Sports","38.93","7","5.5614285714285714","2005-08-23 21:00:22"
828,"Spiking Element","Classics","38.88","12","3.2400000000000000","2005-08-22 13:03:52"
574,"Midnight Westward","Action","38.84","16","2.4275000000000000","2006-02-14 15:16:03"
160,"Club Graffiti","Animation","38.82","17","2.2835294117647059","2006-02-14 15:16:03"
282,"Encounters Curtain","Drama","38.82","18","2.1566666666666667","2005-08-23 13:25:08"
982,"Women Dorado","Action","38.81","20","1.9405000000000000","2006-02-14 15:16:03"
191,"Crooked Frogmen","Children","38.79","21","1.8471428571428571","2006-02-14 15:16:03"
677,"Pianist Outfield","New","38.78","21","1.8466666666666667","2006-02-14 15:16:03"
372,"Graceland Dynamite","Sports","37.94","6","6.3233333333333333","2005-08-17 07:46:54"
522,"Life Twisted","Comedy","37.92","8","4.7400000000000000","2005-08-23 13:16:15"
939,"Vertigo Northwest","Comedy","37.92","8","4.7400000000000000","2005-08-23 15:38:34"
364,"Godfather Diary","New","37.92","8","4.7400000000000000","2005-08-22 11:19:22"
815,"Snatchers Montezuma","Classics","37.91","9","4.2122222222222222","2005-08-23 19:13:46"
700,"Prix Undefeated","Family","37.90","10","3.7900000000000000","2005-08-20 13:26:37"
792,"Shrek License","Foreign","37.88","12","3.1566666666666667","2006-02-14 15:16:03"
744,"Roots Remember","Classics","37.86","14","2.7042857142857143","2005-08-23 16:27:24"
488,"Joon Northwest","Sports","37.84","16","2.3650000000000000","2005-08-23 16:45:28"
164,"Coast Rainbow","Documentary","37.82","18","2.1011111111111111","2005-08-23 10:00:24"
12,"Alaska Phantom","Music","37.77","23","1.6421739130434783","2005-08-23 06:11:52"
119,"Caper Motions","Comedy","37.77","23","1.6421739130434783","2005-08-23 22:18:51"
268,"Early Home","Animation","36.94","6","6.1566666666666667","2005-08-21 17:57:26"
279,"Elizabeth Shane","Sports","36.93","7","5.2757142857142857","2005-08-21 14:51:52"
817,"Soldiers Evolution","Sci-Fi","36.93","7","5.2757142857142857","2005-08-20 14:06:33"
257,"Drumline Cyclone","Travel","36.90","10","3.6900000000000000","2005-08-21 07:56:39"
40,"Army Flintstones","Documentary","36.86","14","2.6328571428571429","2005-08-22 18:27:33"
618,"Necklace Outbreak","Drama","36.86","14","2.6328571428571429","2005-08-23 09:35:34"
552,"Majestic Floats","Documentary","36.85","15","2.4566666666666667","2005-08-22 02:04:38"
864,"Sundance Invasion","Children","36.82","18","2.0455555555555556","2006-02-14 15:16:03"
461,"Insects Stone","Animation","36.81","18","2.0450000000000000","2006-02-14 15:16:03"
467,"Intrigue Worst","Foreign","36.81","19","1.9373684210526316","2006-02-14 15:16:03"
790,"Shootist Superfly","Drama","36.77","23","1.5986956521739130","2005-08-23 05:01:13"
970,"Westward Seabiscuit","Classics","36.75","25","1.4700000000000000","2005-08-23 08:34:10"
697,"Primary Glass","Action","36.73","27","1.3603703703703704","2005-08-21 08:58:38"
340,"Frontier Cabin","New","35.94","6","5.9900000000000000","2005-08-21 05:51:28"
695,"President Bang","Family","35.94","6","5.9900000000000000","2005-08-21 08:33:42"
769,"School Jacket","Foreign","35.94","6","5.9900000000000000","2005-08-21 09:25:11"
102,"Bubble Grosse","Sports","35.94","6","5.9900000000000000","2006-02-14 15:16:03"
360,"Glass Dying","Action","35.88","12","2.9900000000000000","2005-08-23 15:58:05"
303,"Fantasy Troopers","Action","35.79","21","1.7042857142857143","2005-08-22 12:16:46"
850,"Story Side","Action","35.74","26","1.3746153846153846","2005-08-23 17:48:30"
595,"Moon Bunch","Foreign","35.74","26","1.3746153846153846","2005-08-22 10:49:06"
278,"Elf Murder","Music","34.94","6","5.8233333333333333","2005-08-21 08:08:43"
3,"Adaptation Holes","Documentary","34.89","11","3.1718181818181818","2005-08-23 13:54:39"
549,"Magnolia Forrester","Action","34.89","11","3.1718181818181818","2005-08-22 11:14:31"
452,"Illusion Amelie","Foreign","34.87","13","2.6823076923076923","2005-08-23 22:42:48"
241,"Donnie Alley","Animation","34.87","13","2.6823076923076923","2005-08-22 16:08:23"
877,"Taxi Kick","Music","34.83","17","2.0488235294117647","2005-08-22 08:27:27"
457,"Independence Hotel","Documentary","34.82","18","1.9344444444444444","2005-08-22 17:48:10"
270,"Earth Vision","New","34.77","23","1.5117391304347826","2006-02-14 15:16:03"
200,"Curtain Videotape","Games","34.77","24","1.4487500000000000","2006-02-14 15:16:03"
122,"Carrie Bunch","Horror","34.77","23","1.5117391304347826","2005-08-23 21:17:17"
875,"Talented Homicide","Sports","34.76","24","1.4483333333333333","2005-08-23 03:46:47"
310,"Fever Empire","Games","33.95","5","6.7900000000000000","2005-08-18 15:32:57"
550,"Maguire Apache","Family","33.91","9","3.7677777777777778","2005-08-22 12:38:20"
187,"Cranes Reservoir","Sports","33.91","9","3.7677777777777778","2005-08-22 12:01:06"
952,"Wagon Jaws","Documentary","33.91","9","3.7677777777777778","2005-08-21 12:10:41"
80,"Blanket Beverly","Family","33.90","10","3.3900000000000000","2006-02-14 15:16:03"
577,"Mile Mulan","Sports","33.89","11","3.0809090909090909","2005-08-21 13:22:48"
832,"Splash Gump","Family","33.86","14","2.4185714285714286","2005-08-22 09:49:32"
963,"Watch Tracy","Animation","33.85","15","2.2566666666666667","2005-08-22 17:48:28"
524,"Lion Uncut","Comedy","33.83","17","1.9900000000000000","2005-08-23 03:32:31"
1,"Academy Dinosaur","Documentary","33.79","21","1.6090476190476190","2005-08-23 01:01:01"
976,"Wind Phantom","Games","33.79","21","1.6090476190476190","2005-08-23 02:39:56"
883,"Tequila Past","Children","32.94","6","5.4900000000000000","2005-08-22 07:48:01"
411,"Heavenly Gun","Music","32.94","6","5.4900000000000000","2005-08-19 09:48:52"
106,"Bulworth Commandments","Games","32.93","7","4.7042857142857143","2005-08-22 19:17:24"
848,"Stone Fire","Travel","32.90","10","3.2900000000000000","2005-08-22 22:49:13"
553,"Maker Gables","Children","32.90","10","3.2900000000000000","2005-08-23 21:52:56"
540,"Lucky Flying","Music","32.90","10","3.2900000000000000","2005-08-23 07:10:14"
756,"Saddle Antitrust","Comedy","32.89","11","2.9900000000000000","2005-08-23 19:46:39"
736,"Robbery Bright","Family","32.88","12","2.7400000000000000","2005-08-21 21:27:24"
862,"Summer Scarface","Classics","32.86","14","2.3471428571428571","2006-02-14 15:16:03"
840,"Stampede Disturbing","Games","32.86","14","2.3471428571428571","2005-08-23 06:19:51"
949,"Volcano Texas","Games","32.81","19","1.7268421052631579","2006-02-14 15:16:03"
19,"Amadeus Holy","Action","32.80","20","1.6400000000000000","2006-02-14 15:16:03"
248,"Dozen Lion","Documentary","31.94","6","5.3233333333333333","2005-08-22 23:54:36"
224,"Desperate Trainspotting","Travel","31.94","6","5.3233333333333333","2005-08-22 00:34:17"
405,"Haunted Antitrust","Travel","31.94","6","5.3233333333333333","2006-02-14 15:16:03"
182,"Control Anthem","Comedy","31.94","6","5.3233333333333333","2005-08-22 17:47:40"
225,"Destination Jerk","Drama","31.92","8","3.9900000000000000","2005-08-21 17:08:33"
758,"Saints Bride","Drama","31.92","8","3.9900000000000000","2005-08-23 19:59:33"
306,"Feathers Metal","Games","31.91","9","3.5455555555555556","2005-08-21 17:33:18"
714,"Random Go","Sci-Fi","31.91","9","3.5455555555555556","2005-08-20 23:47:54"
819,"Song Hedwig","Music","31.90","10","3.1900000000000000","2006-02-14 15:16:03"
413,"Hedwig Alter","Comedy","31.90","10","3.1900000000000000","2005-08-23 08:42:40"
576,"Mighty Luck","Documentary","31.90","10","3.1900000000000000","2005-08-23 08:09:11"
617,"Natural Stock","Family","31.88","12","2.6566666666666667","2005-08-23 11:02:00"
732,"Rings Heartbreakers","Action","31.87","13","2.4515384615384615","2005-08-23 02:55:42"
85,"Bonnie Holocaust","Documentary","31.85","15","2.1233333333333333","2005-08-21 07:59:47"
948,"Voice Peach","New","31.83","17","1.8723529411764706","2005-08-23 04:33:23"
646,"Outbreak Divine","Games","31.82","18","1.7677777777777778","2005-08-23 10:22:21"
176,"Congeniality Quest","Sports","31.81","19","1.6742105263157895","2005-08-22 23:54:14"
132,"Chainsaw Uptown","Sci-Fi","31.81","19","1.6742105263157895","2005-08-23 15:37:31"
309,"Feud Frogmen","Family","31.80","20","1.5900000000000000","2005-08-22 16:11:32"
781,"Seven Swarm","Games","30.95","5","6.1900000000000000","2005-08-23 04:28:25"
82,"Blood Argonauts","Family","30.93","7","4.4185714285714286","2005-08-22 00:51:25"
490,"Jumanji Blade","New","30.92","8","3.8650000000000000","2005-08-19 13:56:54"
604,"Mulan Moon","Comedy","30.89","11","2.8081818181818182","2006-02-14 15:16:03"
886,"Theory Mermaid","Animation","30.88","11","2.8072727272727273","2006-02-14 15:16:03"
299,"Factory Dragon","Travel","30.85","15","2.0566666666666667","2005-08-19 20:55:23"
560,"Mars Roman","Games","30.83","17","1.8135294117647059","2005-08-22 18:53:28"
140,"Cheaper Clyde","Sci-Fi","30.83","17","1.8135294117647059","2005-08-22 20:17:49"
18,"Alter Victory","Animation","30.80","20","1.5400000000000000","2005-08-23 03:44:51"
387,"Gun Bonnie","Games","30.79","21","1.4661904761904762","2005-08-22 19:02:48"
11,"Alamo Videotape","Foreign","30.78","22","1.3990909090909091","2005-08-22 04:04:31"
368,"Gone Trouble","Drama","29.92","8","3.7400000000000000","2005-08-22 19:16:04"
393,"Halloween Nuts","Documentary","29.92","8","3.7400000000000000","2005-08-23 06:50:27"
978,"Wisdom Worker","Comedy","29.91","9","3.3233333333333333","2005-08-21 03:40:40"
726,"Reservoir Adaptation","Foreign","29.91","9","3.3233333333333333","2005-08-23 01:57:20"
761,"Santa Paris","Children","29.90","10","2.9900000000000000","2005-08-23 20:20:37"
928,"Uptown Young","Children","29.90","10","2.9900000000000000","2005-08-21 14:51:35"
794,"Side Ark","Action","29.88","12","2.4900000000000000","2005-08-23 15:01:54"
747,"Roxanne Rebel","Games","29.83","17","1.7547058823529412","2005-08-23 09:01:10"
79,"Blade Polish","Drama","29.81","20","1.4905000000000000","2006-02-14 15:16:03"
143,"Chill Luck","Drama","29.79","21","1.4185714285714286","2005-08-23 21:27:11"
926,"Untouchables Sunrise","Documentary","28.93","7","4.1328571428571429","2005-08-20 16:37:35"
185,"Cowboy Doom","Foreign","28.93","7","4.1328571428571429","2005-08-22 22:28:36"
541,"Luke Mummy","Animation","28.93","7","4.1328571428571429","2005-08-21 18:35:54"
264,"Dwarfs Alter","Games","28.92","8","3.6150000000000000","2006-02-14 15:16:03"
146,"Chitty Lock","Drama","28.92","8","3.6150000000000000","2006-02-14 15:16:03"
983,"Won Dares","Music","28.91","9","3.2122222222222222","2005-08-23 01:44:43"
482,"Jeopardy Encino","Classics","28.90","10","2.8900000000000000","2005-08-20 12:59:38"
896,"Tootsie Pilot","Children","28.88","12","2.4066666666666667","2005-08-22 18:48:42"
205,"Dances None","Action","28.87","13","2.2207692307692308","2006-02-14 15:16:03"
534,"Louisiana Harry","Family","28.84","16","1.8025000000000000","2005-08-23 08:29:53"
130,"Celebrity Horn","Action","28.79","21","1.3709523809523810","2005-08-23 14:59:51"
786,"Shepherd Midsummer","Children","28.77","23","1.2508695652173913","2005-08-23 19:51:29"
459,"Informer Double","Foreign","27.95","5","5.5900000000000000","2005-08-22 16:26:53"
836,"Squad Fish","Sports","27.93","7","3.9900000000000000","2005-08-23 19:42:46"
656,"Papi Necklace","Travel","27.93","7","3.9900000000000000","2005-08-17 17:16:42"
29,"Antitrust Tomatoes","Action","27.93","7","3.9900000000000000","2005-08-21 01:31:25"
240,"Dolls Rage","Sci-Fi","27.92","8","3.4900000000000000","2005-08-22 01:00:42"
585,"Mob Duffel","Drama","27.90","10","2.7900000000000000","2005-08-23 22:50:12"
250,"Dragon Squad","Action","27.89","11","2.5354545454545455","2005-08-23 18:28:09"
581,"Minority Kiss","Music","27.89","12","2.3241666666666667","2006-02-14 15:16:03"
717,"Rear Trading","Action","27.85","15","1.8566666666666667","2005-08-22 21:15:46"
155,"Cleopatra Devil","New","27.85","16","1.7406250000000000","2006-02-14 15:16:03"
743,"Room Roman","Animation","27.82","18","1.5455555555555556","2005-08-22 21:42:17"
416,"Highball Potter","Foreign","27.81","19","1.4636842105263158","2005-08-23 02:48:24"
281,"Encino Elf","Games","27.81","19","1.4636842105263158","2006-02-14 15:16:03"
118,"Canyon Stock","Animation","27.81","19","1.4636842105263158","2006-02-14 15:16:03"
377,"Grease Youth","Family","27.80","20","1.3900000000000000","2005-08-23 15:15:19"
699,"Private Drop","Games","26.95","5","5.3900000000000000","2005-08-19 23:48:23"
674,"Pet Haunting","Foreign","26.92","8","3.3650000000000000","2005-08-22 08:43:50"
208,"Dares Pluto","Animation","26.92","8","3.3650000000000000","2005-08-18 08:07:45"
923,"Unfaithful Kill","Drama","26.92","8","3.3650000000000000","2005-08-22 09:03:44"
188,"Crazy Home","Comedy","26.91","9","2.9900000000000000","2005-08-22 13:20:28"
315,"Finding Anaconda","Family","26.90","10","2.6900000000000000","2005-08-21 16:56:39"
291,"Evolution Alter","Sports","26.88","12","2.2400000000000000","2005-08-20 20:07:15"
280,"Empire Malkovich","Children","26.81","19","1.4110526315789474","2005-08-20 19:03:25"
149,"Christmas Moonshine","Children","26.81","19","1.4110526315789474","2005-08-22 11:56:02"
107,"Bunch Minds","Drama","25.95","5","5.1900000000000000","2005-08-21 16:05:11"
684,"Pizza Jumanji","Games","25.94","6","4.3233333333333333","2005-08-21 06:20:14"
223,"Desire Alien","Animation","25.92","8","3.2400000000000000","2005-08-22 16:22:53"
907,"Translation Summer","Drama","25.87","13","1.9900000000000000","2005-08-20 11:37:56"
600,"Motions Details","Horror","25.87","14","1.8478571428571429","2006-02-14 15:16:03"
89,"Borrowers Bedazzled","Animation","25.80","20","1.2900000000000000","2005-08-23 17:42:42"
741,"Roman Punk","Music","25.79","21","1.2280952380952381","2005-08-23 15:59:12"
904,"Train Bunch","Horror","24.96","4","6.2400000000000000","2005-08-23 21:56:04"
32,"Apocalypse Flamingos","New","24.95","5","4.9900000000000000","2005-08-23 03:50:48"
903,"Traffic Hobbit","Travel","24.95","5","4.9900000000000000","2005-08-21 16:24:45"
441,"Hunter Alter","Documentary","24.95","5","4.9900000000000000","2005-08-23 16:44:31"
62,"Bed Highball","Documentary","24.94","6","4.1566666666666667","2005-08-18 17:34:11"
990,"World Leathernecks","Horror","24.92","8","3.1150000000000000","2006-02-14 15:16:03"
230,"Diary Panic","Drama","24.92","8","3.1150000000000000","2005-08-20 21:23:54"
636,"Oleander Clue","Music","24.91","9","2.7677777777777778","2005-08-22 10:00:04"
258,"Drums Dynamite","Horror","24.87","13","1.9130769230769231","2005-08-22 23:51:23"
629,"Notorious Reunion","Documentary","24.87","13","1.9130769230769231","2005-08-22 10:58:45"
809,"Slipper Fidelity","Sports","24.86","14","1.7757142857142857","2005-08-20 05:59:05"
562,"Masked Bubble","Music","24.81","19","1.3057894736842105","2005-08-23 11:30:32"
727,"Resurrection Silverado","Family","24.81","19","1.3057894736842105","2005-08-22 06:46:59"
218,"Deceiver Betrayed","Drama","24.80","20","1.2400000000000000","2005-08-22 17:53:06"
981,"Wolves Desire","Travel","24.79","21","1.1804761904761905","2005-08-21 21:04:42"
238,"Doctor Grail","Children","23.95","5","4.7900000000000000","2005-08-20 19:04:40"
558,"Mannequin Worst","New","23.95","5","4.7900000000000000","2005-08-22 17:49:35"
125,"Cassidy Wyoming","Travel","23.94","6","3.9900000000000000","2005-08-23 19:14:07"
136,"Chaplin License","New","23.92","8","2.9900000000000000","2005-08-20 16:02:28"
163,"Clyde Theory","New","23.92","8","2.9900000000000000","2005-08-23 17:49:26"
76,"Birdcage Casper","Music","23.91","9","2.6566666666666667","2005-08-20 08:27:30"
722,"Reef Salute","Horror","23.89","11","2.1718181818181818","2005-08-22 16:32:23"
492,"Jungle Closer","New","23.88","12","1.9900000000000000","2005-08-19 04:27:05"
427,"Homeward Cider","Documentary","23.84","16","1.4900000000000000","2005-08-21 13:07:24"
424,"Holocaust Highball","Children","23.84","16","1.4900000000000000","2005-08-22 21:36:51"
297,"Extraordinary Conquerer","Classics","22.94","6","3.8233333333333333","2005-08-23 07:28:04"
399,"Happiness United","Foreign","22.94","6","3.8233333333333333","2006-02-14 15:16:03"
517,"Lesson Cleopatra","Sports","22.94","6","3.8233333333333333","2005-08-23 03:58:02"
622,"Newsies Story","Documentary","22.93","7","3.2757142857142857","2005-08-23 10:04:17"
53,"Bang Kwai","Family","22.93","7","3.2757142857142857","2006-02-14 15:16:03"
787,"Shining Roses","Travel","22.92","8","2.8650000000000000","2005-08-23 15:05:59"
766,"Savannah Town","Drama","22.90","10","2.2900000000000000","2005-08-22 06:07:52"
290,"Everyone Craft","Foreign","22.89","11","2.0809090909090909","2005-08-23 22:24:39"
992,"Wrath Mile","Documentary","22.87","13","1.7592307692307692","2005-08-22 20:31:38"
535,"Love Suicides","Horror","22.85","15","1.5233333333333333","2005-08-23 18:23:11"
924,"Unforgiven Zoolander","Sci-Fi","22.84","16","1.4275000000000000","2005-08-21 23:33:57"
249,"Dracula Crystal","Classics","22.81","19","1.2005263157894737","2005-08-23 20:29:56"
237,"Divorce Shining","Sports","21.95","5","4.3900000000000000","2005-08-22 10:13:09"
675,"Phantom Glory","New","21.94","6","3.6566666666666667","2005-08-19 05:11:47"
959,"Warlock Werewolf","Children","21.94","6","3.6566666666666667","2005-08-19 13:12:28"
498,"Killer Innocent","Family","21.94","6","3.6566666666666667","2005-08-19 23:37:52"
513,"Leathernecks Dwarfs","Travel","21.94","6","3.6566666666666667","2005-08-18 07:16:58"
539,"Luck Opus","Drama","21.93","7","3.1328571428571429","2005-08-19 13:09:54"
605,"Mulholland Beast","Foreign","21.93","7","3.1328571428571429","2006-02-14 15:16:03"
34,"Arabia Dogma","Horror","21.88","12","1.8233333333333333","2005-08-20 07:47:05"
153,"Citizen Shrek","Sci-Fi","21.87","13","1.6823076923076923","2005-08-23 09:09:18"
942,"Vietnam Smoochy","Drama","21.86","14","1.5614285714285714","2005-08-21 19:54:11"
105,"Bull Shawshank","Action","21.84","16","1.3650000000000000","2006-02-14 15:16:03"
663,"Patient Sister","Classics","21.82","18","1.2122222222222222","2005-08-23 19:10:32"
259,"Duck Racer","Animation","20.95","5","4.1900000000000000","2005-08-23 07:50:46"
610,"Music Boondock","Family","20.83","17","1.2252941176470588","2005-08-23 16:17:09"
479,"Jedi Beneath","Family","20.82","18","1.1566666666666667","2005-08-21 14:52:14"
97,"Bride Intrigue","Action","20.82","18","1.1566666666666667","2005-08-23 20:29:10"
352,"Gathering Calendar","Games","19.90","10","1.9900000000000000","2005-08-22 01:09:04"
593,"Monterey Labyrinth","Horror","19.89","11","1.8081818181818182","2005-08-22 07:16:45"
882,"Tenenbaums Command","Drama","19.88","12","1.6566666666666667","2005-08-22 21:13:51"
440,"Hunger Roof","Foreign","19.88","12","1.6566666666666667","2006-02-14 15:16:03"
821,"Sorority Queen","Foreign","19.88","12","1.6566666666666667","2005-08-21 15:24:24"
634,"Odds Boogie","Family","19.87","13","1.5284615384615385","2005-08-23 14:01:07"
894,"Tomatoes Hellfighters","Travel","19.86","14","1.4185714285714286","2005-08-21 14:11:19"
754,"Rushmore Mermaid","Comedy","18.94","6","3.1566666666666667","2005-08-22 01:58:15"
569,"Menagerie Rushmore","Animation","18.94","6","3.1566666666666667","2005-08-23 01:38:48"
799,"Simon North","Horror","18.94","6","3.1566666666666667","2005-08-23 01:22:12"
454,"Impact Aladdin","Music","18.92","8","2.3650000000000000","2005-08-18 03:37:31"
834,"Spoilers Hellfighters","Documentary","18.91","9","2.1011111111111111","2005-08-23 10:57:40"
831,"Spirited Casualties","Sci-Fi","18.90","10","1.8900000000000000","2005-08-23 06:21:20"
509,"Language Cowboy","Children","18.90","10","1.8900000000000000","2005-08-19 07:36:42"
186,"Craft Outfield","Drama","18.86","14","1.3471428571428571","2005-08-21 10:19:25"
688,"Polish Brooklyn","Children","18.85","15","1.2566666666666667","2005-08-23 13:48:34"
507,"Ladybugs Armageddon","Games","17.94","6","2.9900000000000000","2005-08-22 04:15:48"
520,"License Weekend","Sci-Fi","17.94","6","2.9900000000000000","2005-08-20 05:10:39"
547,"Magic Mallrats","Children","17.93","7","2.5614285714285714","2005-08-22 23:38:01"
613,"Mystic Truman","Comedy","17.92","8","2.2400000000000000","2005-08-23 16:44:56"
425,"Holy Tadpole","Classics","17.92","8","2.2400000000000000","2005-08-20 08:27:01"
357,"Gilbert Pelican","Classics","17.91","9","1.9900000000000000","2005-08-23 20:28:44"
283,"Ending Crowds","New","17.90","10","1.7900000000000000","2005-08-21 19:09:40"
855,"Streak Ridgemont","Documentary","17.87","13","1.3746153846153846","2006-02-14 15:16:03"
430,"Hook Chariots","Animation","17.87","13","1.3746153846153846","2005-08-23 10:35:51"
27,"Anonymous Human","Sports","17.87","13","1.3746153846153846","2005-08-20 00:18:15"
696,"Pride Alamo","Animation","17.85","15","1.1900000000000000","2006-02-14 15:16:03"
812,"Smoking Barbarella","Documentary","17.84","17","1.04941176470588235294","2006-02-14 15:16:03"
343,"Full Flatliners","Children","16.95","5","3.3900000000000000","2005-08-21 13:32:38"
94,"Braveheart Human","Family","16.95","5","3.3900000000000000","2005-08-20 16:05:11"
180,"Conspiracy Spirit","Classics","16.95","5","3.3900000000000000","2005-08-18 12:58:40"
997,"Youth Kick","Music","16.94","6","2.8233333333333333","2005-08-18 17:31:36"
868,"Superfly Trip","Travel","16.91","9","1.8788888888888889","2005-08-18 18:58:35"
339,"Frogmen Breaking","Travel","16.90","10","1.6900000000000000","2005-08-19 15:25:48"
66,"Beneath Rush","Children","16.90","10","1.6900000000000000","2005-08-20 09:21:08"
598,"Mosquito Armageddon","Sports","16.89","11","1.5354545454545455","2006-02-14 15:16:03"
538,"Loverboy Attacks","New","16.89","11","1.5354545454545455","2005-08-21 01:44:14"
64,"Beethoven Exorcist","Drama","16.89","11","1.5354545454545455","2005-08-20 21:21:34"
348,"Gandhi Kwai","Family","16.87","13","1.2976923076923077","2005-08-22 05:07:17"
795,"Siege Madre","Family","16.86","14","1.2042857142857143","2005-08-23 06:33:26"
584,"Mixed Doors","Foreign","15.96","4","3.9900000000000000","2005-08-21 18:34:21"
400,"Hardly Robbers","Documentary","15.96","4","3.9900000000000000","2005-08-22 20:44:06"
612,"Mussolini Spoilers","Sports","15.95","5","3.1900000000000000","2005-08-19 20:53:43"
974,"Wild Apollo","New","15.94","6","2.6566666666666667","2006-02-14 15:16:03"
511,"Lawrence Love","Action","15.87","13","1.2207692307692308","2005-08-23 21:45:02"
797,"Silence Kane","Music","15.85","15","1.05666666666666666667","2005-08-22 20:55:56"
362,"Glory Tracy","Games","14.95","5","2.9900000000000000","2005-08-23 04:33:39"
935,"Vanished Garden","New","14.94","7","2.1342857142857143","2006-02-14 15:16:03"
808,"Sling Luke","Classics","14.94","6","2.4900000000000000","2005-08-18 20:20:59"
752,"Runner Madigan","Music","14.92","8","1.8650000000000000","2005-08-19 11:33:20"
194,"Crow Grease","Action","14.89","11","1.3536363636363636","2005-08-23 07:31:10"
813,"Smoochy Control","Sports","14.88","12","1.2400000000000000","2006-02-14 15:16:03"
63,"Bedazzled Married","Family","14.88","12","1.2400000000000000","2005-08-23 20:44:36"
762,"Sassy Packer","Games","14.88","12","1.2400000000000000","2005-08-22 21:19:24"
379,"Greedy Roots","Drama","14.87","13","1.1438461538461538","2005-08-23 18:01:31"
830,"Spirit Flintstones","Horror","14.86","14","1.06142857142857142857","2005-08-20 23:18:54"
965,"Watership Frontier","Horror","13.94","6","2.3233333333333333","2005-08-22 11:48:19"
262,"Dumbo Lust","Family","13.94","6","2.3233333333333333","2005-08-23 05:55:22"
493,"Kane Exorcist","Foreign","13.88","12","1.1566666666666667","2005-08-21 02:04:33"
423,"Hollywood Anonymous","Children","13.87","13","1.06692307692307692308","2005-08-21 01:10:29"
407,"Hawk Chill","Documentary","12.94","6","2.1566666666666667","2005-08-20 20:42:12"
516,"Legend Jedi","Music","12.92","8","1.6150000000000000","2005-08-21 19:12:47"
630,"Notting Speakeasy","Drama","12.91","9","1.4344444444444444","2005-08-22 05:38:32"
940,"Victory Academy","Sports","12.91","9","1.4344444444444444","2005-08-22 23:18:10"
931,"Valentine Vanishing","Travel","12.90","10","1.2900000000000000","2005-08-19 07:47:43"
947,"Vision Torque","Foreign","11.94","6","1.9900000000000000","2005-08-22 16:35:47"
751,"Runaway Tenenbaums","New","11.93","7","1.7042857142857143","2005-08-21 06:18:22"
822,"Soup Wisdom","Family","11.93","7","1.7042857142857143","2005-08-20 22:40:47"
866,"Sunset Racer","Family","11.93","7","1.7042857142857143","2005-08-23 09:40:04"
594,"Montezuma Command","Action","11.91","9","1.3233333333333333","2005-08-23 14:35:10"
157,"Clockwork Paradise","Children","11.90","10","1.1900000000000000","2005-08-23 05:26:30"
566,"Maude Mod","Foreign","10.93","7","1.5614285714285714","2005-08-19 12:04:03"
998,"Zhivago Core","Horror","10.93","7","1.5614285714285714","2006-02-14 15:16:03"
477,"Jawbreaker Brooklyn","Music","10.91","9","1.2122222222222222","2005-08-21 19:05:23"
899,"Towers Hurricane","Classics","10.91","9","1.2122222222222222","2005-08-18 02:37:07"
168,"Comancheros Enemy","Children","9.94","6","1.6566666666666667","2005-08-23 22:25:26"
52,"Ballroom Mockingbird","Foreign","9.93","7","1.4185714285714286","2005-08-22 15:42:57"
178,"Connection Microcosmos","Comedy","8.95","5","1.7900000000000000","2006-02-14 15:16:03"
355,"Ghostbusters Elf","Animation","8.93","7","1.2757142857142857","2005-08-23 13:24:57"
401,"Harold French","Drama","8.93","7","1.2757142857142857","2005-08-21 22:27:11"
839,"Stallion Sundance","Sci-Fi","7.94","6","1.3233333333333333","2005-08-23 07:13:43"
475,"Japanese Run","Horror","7.94","6","1.3233333333333333","2005-08-23 14:43:15"
523,"Lights Deer","Classics","7.93","7","1.13285714285714285714","2005-08-18 13:42:14"
910,"Treatment Jekyll","Drama","6.94","6","1.15666666666666666667","2005-08-21 04:09:18"
196,"Cruelty Unforgiven","Classics","6.94","6","1.15666666666666666667","2005-08-23 02:39:37"
718,"Rebel Airport","Music","6.93","7","0.99000000000000000000","2005-08-23 01:59:14"
996,"Young Language","Documentary","6.93","7","0.99000000000000000000","2005-08-23 01:50:31"
335,"Freedom Cleopatra","Comedy","5.95","5","1.19000000000000000000","2005-08-21 12:48:08"
635,"Oklahoma Jumanji","New","5.94","6","0.99000000000000000000","2005-08-23 03:44:30"
885,"Texas Watch","Horror","5.94","6","0.99000000000000000000","2005-08-21 21:02:22"
261,"Duffel Apocalypse","Documentary","5.94","6","0.99000000000000000000","2005-08-21 00:21:29"
